Era,Name,Notes,File Date,Leak Date,Full Length,BPM,Available Length,Quality,Link(s)
,S,"(10/29/2012) (See.SZA.Run officially releases)
(04/10/2013) (S officially releases)",,,,,"S is the second extended play by American singer SZA. It was self-released on April 10, 2013. After meeting members of independent label Top Dawg and releasing her debut EP See.SZA.Run, SZA began working on S, beginning recording in early 2013. SZA worked with a variety of producers on the album, including Zodiac, Patrick Lukens, Brandun DeShay, WNDRBRD, Waren Vaughn and Felix Snow.",,
S,"Ice.Moon [Sessions]
(prod. WondaGurl)","OG Filename: Ice Moons Oct 29.2013
Sessions for ""Ice.Moon"".","Oct 29, 2013",,N/A,,Full,Lossless,https://pixeldrain.com/l/HnLikGiU#item=21
S,"Ice.Moon Revisited [Sessions]
(feat. Ab-Soul) (prod. WondaGurl)","OG Filename: SZA Tracking 11-5-13
Sessions for ""Ice.Moon Revisited"" .","Nov 5, 2013",,N/A,,Full,Lossless,https://pixeldrain.com/l/HnLikGiU#item=41
,Z,"(04/10/2013) (S officially releases)
(08/13/2013) (The first single ""Julia"" releases)
(10/10/2013) (Loose single ""Teen Spirit"" releases)
(04/08/2014) (Z officially releases)",,,,,"Z is SZA‘s 3rd overall and 1st commercial EP released by Top Dawg Entertainment on April 8th 2014. It was the follow up to her second EP “S”. The EP was recorded throughout summer 2013 at TDE Red Room in Carson, California, with all tracks written by SZA herself and production contributions by Mac Miller, Emile Haynie, among others.",,
Z,"1NE [Sessions]
(prod. The Antydote & Ikaz)","OG Filename: SZA Tracking 11-3-13
Sessions for ""1NE"".","Nov 3, 2013",,N/A,,Full,Lossless,https://pixeldrain.com/u/7MWME2bV
Z,"Babylon [Sessions]
(prod. DJ Dahi)","OG Filename: SZA Babylon & ERA_Sza Babylon_022414
Sessions for ""Babylon"".","Feb 24, 2014",,N/A,,Full,Lossless,https://pixeldrain.com/u/xEneErW3
Z,Barry and Bill Vibe [Sessions],"OG Filename: SZA Second Song Tracking 11-3-13
Session for ""Barry and Bill Vibes"".","Nov 3, 2013",,N/A,,Full,Lossless,https://pixeldrain.com/u/sKN2rvVK
Z,"Feather Weight [Sessions]
(prod. WondaGurl)","OG Filename: Wondergurl
Sessions for ""Feather Weight"".","Sep 23, 2013",,N/A,138,Full,Lossless,https://pillows.su/f/d1b90f4aff7fa9e015638e4b8baccab2
Z,Nilla Wafers [Sessions],"OG Filename: ERA_SZA_Nilla Wafers_022414
Sessions for ""Nilla Wafers"".","Feb 24, 2014",,N/A,,Full,Lossless,https://pixeldrain.com/u/nALd9Tk5
Z,Stencil [Sessions],"OG Filename: Stencil
Session for ""Stencil"". Contains only three silent audio files.","Sep 23, 2013",,N/A,,Full,Lossless,https://pixeldrain.com/u/UMTKFMrm
Z,"Warm Winds
(feat. Isaiah Rashad) (prod. Mac Miller)","OG Filename: ERA_SZA_Session_021414
Sessions for ""Warm Winds"".","Feb 14, 2014",,N/A,,Full,Lossless,https://pixeldrain.com/u/uENwVU6s
Z,"Feather Weight [Inst.]
(prod. WondaGurl)","Instrumental for ""Feather Weight"".","Sep 23, 2013",,4:43,138,Full,Lossless,https://pillows.su/f/35b752767ac103b9b06022e97d76c523
Z,"Stay [Inst.]
(prod. Body Language)","OG Filename: Stay [RnB]
Instrumental for ""Stay"".","Feb 11, 2014",,3:08,125,OG File,High Quality,https://pillows.su/f/64ef28d2f48cb8f7800c6a73f809aa04
Z,"Warm Winds [TV Track]
(feat. Isaiah Rashad) (prod. Mac Miller)","OG Filename: SZA_WARM WINDS_TV_NO LEAD w_ ADLIBS
TV Track for the song. Leaked on March 14, 2026.","Mar 13, 2014",,4:12,,OG File,Lossless,"https://pillows.su/f/762767bfebc0a707c542181c0a2b695f
https://pillows.su/f/c7b0fcd93dcc9be6aeedf115ed1ef80f"
Z,"Warm Winds [TV Track]
(feat. Isaiah Rashad) (prod. Mac Miller)","OG Filename: SZA_WARM WINDS_TV_NO LEAD_NO ADLIBS
TV Track for the song. Leaked on March 14, 2026.","Mar 13, 2014",,4:12,,OG File,Lossless,"https://pillows.su/f/9dbe50ec28f5164ff004daa5f5921430
https://pillows.su/f/c54af2a983ce95918605476c44e24a50"
,"A [V1]
(Ctrl)","(04/08/2014) (Z officially releases)
(04/??/2014) (SZA begins progress on A)
(10/??/2016) (A receives a rework as Ctrl)",,,,,"A is a project SZA stated she would drop before her sophomore album sometime in 2019. It is suspected this could be an EP containing throwaways from Ctrl. On 9/6/2018, SZA stated in a quote-retweet that ""A's already done,"" confirming she has another unreleased project as shown in a tweet she made on 8/6/2019 containing a conversation between her and her manager, Punch.",,
A [V1],Breaking Even [Sessions],"OG Filename: Copy of Breaking Even_ADDS
Sessions for ""Breaking Even"".","Dec 14, 2015",,N/A,,Full,Lossless,https://pixeldrain.com/u/hGrviCQj
A [V1],Curtains [Sessions],"OG Filename: SZA TRACKING 6.4.
Sessions for ""Curtains"".","Jun 4, 2015",,N/A,130,Full,Lossless,https://pillows.su/f/2223f1e1f372e39f3b797c30d80a9e6e
A [V1],"Collect [Sessions]
(prod. The Antydote & DJ Dahi)","OG Filename: ERA_SZA TRACKING_09.10.15
Sessions for ""Collect"".","Sep 10, 2015",,N/A,,Full,Lossless,https://pixeldrain.com/u/Nh1NBAiL
A [V1],"Decisions [Sessions]
(prod. Bentley & Jo Blaq)","OG Filename: SZA_ERA_04.07.16
Sessions for ""Decisions"".","Apr 7, 2016",,N/A,,Full,Lossless,https://pixeldrain.com/u/1GyxntE3
A [V1],"Decisions [Sessions]
(prod. Bentley & Jo Blaq)","OG Filename: DECISIONS
Sessions for ""Decisions"".","Apr 11, 2016",,N/A,,Full,Lossless,https://pixeldrain.com/u/GUAjc3mc
A [V1],Hold Me Close [Sessions],"OG Filename: 2.6.16 Sza 1
Sessions for ""Hold Me Close"".","Feb 6, 2016",,N/A,,Full,Lossless,https://pillows.su/f/b4f78a64ea247c04b70b4499725fc09a
A [V1],"Jodie Foster [Sessions]
(prod. Tyler, the Creator)
(Jodie)","OG Filename: SZA TRACKING 9 8 15
Sessions for ""Jodie Foster"".","Sep 8, 2015",,N/A,90,Full,Lossless,https://pillows.su/f/18c1eff7990496762e69b09ae6f1964c
A [V1],"Nothing To Say [Sessions]
(Wrangler)","OG Filename: SZA_Nothing To Say_04.26.16
Sessions for ""Nothing To Say"".","Apr 26, 2015",,N/A,115,Full,Lossless,https://pillows.su/f/332012c87da0701d2eb41fe3ed4012ee
A [V1],"Real Niggas Respect It [Sessions]
(Respect It, Real Shit)","OG Filename: SZA_11.13.14
Sessions for ""Real Niggas Respect It"".","Nov 13, 2014",,N/A,90,Full,Lossless,https://pixeldrain.com/u/NXqPyeWd
A [V1],"Convocation [Sessions]
(Roses)","OG Filename: 11-25-2014 SZA
Sessions for ""Convocation"". Contains vocal takes from the ""Sobriety"" sessions for some reason. Resurfaced on 1/30/2026.","Nov 25, 2014",,N/A,,Full,Lossless,https://pixeldrain.com/u/SYduPo4z
A [V1],"Convocation [Sessions]
(Roses)","OG Filename: 11-25-2014 SZA.2
Session for ""Convocation"".","Nov 25, 2014",,N/A,,Full,Lossless,https://pixeldrain.com/u/de6rff9v
A [V1],"Sobriety [Sessions]
(prod. Chris Calor, CoDy, LoveDragon, Thundercat & Sounwave)","OG Filename: SOBERIETY
Sessions for ""Sobriety"".","Sep 15, 2014",,N/A,76,Full,Lossless,https://pixeldrain.com/u/97DPZPpg
A [V1],"Space Cloud-9
(prod. Tommy Black)","OG Filename: ERA_SZA_06.22.15
Sessions for ""Space Cloud-9"".","Jun 22, 2015",,N/A,,Full,Lossless,https://pixeldrain.com/l/HnLikGiU#item=14
A [V1],"Supermodel [Sessions]
(prod. The Antydote)","OG Filename: SUPERMODEL
Sessions for ""Supermodel"".",,,N/A,97,Full,Lossless,https://pillows.su/f/1bc2cad11221a60035444e100647cf13
A [V1],"Tender [Sessions]
(prod. Felix Snow)","Sessions for ""Tender"". A snippet leaked on 9/5/2024.",,,N/A,76,Snippet,CD Quality,https://pillows.su/f/78b3d810d4d796d82c46a51219618ced
A [V1],"Wavy [Sessions]
(feat. James Fauntleroy) (prod. Prophit)","OG Filename: Copy of SZA Prophit1_James_Best
Sessions for ""Wavy"".",,,N/A,79,Full,Lossless,https://pixeldrain.com/u/guUw82pH
A [V1],"Wavy [Sessions]
(feat. James Fauntleroy) (prod. Prophit)","OG Filename: ERA_SZA Prophit1_James_Best
Sessions for ""Wavy"". Resurfaced on 1/30/2026.",,,N/A,79,Full,Lossless,https://pixeldrain.com/u/P6XaFdCs
A [V1],"Wavy [Sessions]
(feat. James Fauntleroy) (prod. Prophit)","OG Filename: SZA - Wavy
Sessions for ""Wavy"".","Sep 4, 2015",,N/A,79,Full,Lossless,https://pixeldrain.com/u/bmP2Mja9
A [V1],"Wavy [Sessions]
(feat. James Fauntleroy) (prod. Prophit)","OG Filename: Copy of Wavy NEW 2ND VRS 9.5.15
Sessions for ""Wavy"".","Sep 5, 2015",,N/A,79,Full,Lossless,https://pillows.su/f/1d0608db99efdee3da363014497ce30e
A [V1],"Wavy [Sessions]
(feat. James Fauntleroy) (prod. Prophit)","OG Filename: Wavy
Sessions for ""Wavy"".","Oct 11, 2015",,N/A,79,Full,Lossless,https://pixeldrain.com/u/nJ8MRPag
A [V1],Summertime [Sessions],"OG Filename: ™_11.26.14
Sessions for ""Summertime"".","Nov 26, 2014",,N/A,,Full,Lossless,https://pixeldrain.com/l/HnLikGiU#item=47
A [V1],??? [Sessions],Sessions from an unknown track. A snippet leaked on 9/5/2024.,,,N/A,,Snippet,CD Quality,https://pillows.su/f/5f9cafa1dba5f1e9d7e494e1f255e169
A [V1],??? [Sessions],"OG Filename: ERA_SZA_07.19.16
Empty session.","Jul 19, 2016",,N/A,,Full,Lossless,https://pixeldrain.com/l/HnLikGiU#item=15
A [V1],??? [Sessions],"OG Filename: 12_12_2015 Track 1
Empty session.","Dec 12, 2015",,N/A,,Full,Lossless,https://pixeldrain.com/l/HnLikGiU#item=3
A [V1],"Jay Rock - Redemption [Sessions]
(feat. SZA) (prod. Terrace Martin & Sounwave)
(Loved 1, Loved Ones)","OG Filename: Copy of Redemption_Loved 1 re ruff 3
Sessions for ""Redemption"" featuring SZA. Contains takes from Kendrick Lamar, SZA, and Jay Rock. Some integral files are missing, including: bounced files folder, Pro Tools X backups.",,,N/A,144,Full,Lossless,https://pillows.su/f/39f36c14363e7e8485da67279b6c04b5
A [V1],"Rihanna - Consideration [Stems]
(feat. SZA) (prod. Kuk Harrell & The Antydote)
(LouAnne Johnson)","OG Filename: Rihanna - Consideration (ft. SZA) (Multitrack)(16 Track)(44.1k-32bit)
Official multitrack stems for ""Consideration"".","Jan 28, 2016",,N/A,145,Full,Lossless,https://pillows.su/f/919be164f0ebe67da5c004797746d247
A [V1],"Curtains [Inst.]
(prod. Ivan Corpening)","OG Filename: 19
Instrumental for ""Curtains"". It is extended and features additional Sade vocals.","Jun 3, 2015",,2:43,130,OG File,Lossless,https://pillows.su/f/63d05b844bd162596ec07ada364b7eb3
A [V1],"Supermodel [V1] [Inst.]
(prod. The Antydote)","OG Filename: like a carving cloud
Instrumental for the early versions of ""Supermodel"".",,,3:53,91,OG File,Lossless,https://pillows.su/f/d5099a771669f2f21f5fcb7e9732b98a
A [V1],"Nothing To Say [V1] [Inst.]
(Wrangler)","Instrumental for ""Nothing To Say"".","Apr 27, 2015",,3:25,115,Full,Lossless,https://pillows.su/f/8b91510088b0303e2724c7f04be5424d
A [V1],"Wavy [V1] [Inst.]
(feat. James Fauntleroy) (prod. Prophit)","OG Filename: Prophit1_James_Best_Instrumental &
OG Filename (Metadata): Copy of SZA Prophit1_James_Bes
Instrumental for ""Wavy"" [V1].",,,3:26,79,OG File,CD Quality,https://pillows.su/f/42fdac0e29b8583bb7287e14a1302602
A [V1],"Felix Snow - Lies [V2] [Inst.]
(feat. SZA) (prod. Felix Snow)","OG Filename: sza21 2 inst vpm 120 
Instrumental for ""Lies"" [V1].",,,3:24,120,OG File,Lossless,https://pillows.su/f/6ad8198f8d3e12d58f45cd36d6fa79db
A [V1],"Rihanna - Consideration [Inst.]
(feat. SZA) (prod. Kuk Harrell & The Antydote)
(LouAnne Johnson)","Instrumental for ""Consideration"".",,,2:43,145,Full,Lossless,https://pillows.su/f/fd065e77fd46a86445c4328d8c4a01dc
A [V1],"Decisions [V2] [Acapella]
(prod. RoccStar)","Acapella for the bridge of ""Decisions"" [V2].","Apr 11, 2016",,0:40,101,Full,CD Quality,https://pillows.su/f/be31317ab972a733c5aaf24e7ac3796c
A [V1],"Wavy [V1] [Acapella]
(feat. James Fauntleroy) (prod. Prophit)","OG Filename: Prophit1_James_Best_Vocals &
OG Filename (Metadata): Copy of SZA Prophit1_James_Bes
Acapella for ""Wavy"" [V1].",,,3:26,79,OG File,CD Quality,https://pillows.su/f/83ab6db3503bd6aa46387e4da7c71676
A [V1],"Nothing To Say [V1] [Acapella]
(Wrangler)","Acapella for ""Nothing To Say"" [V1].","Apr 25, 2015",,1:44,115,Full,Lossless,https://pillows.su/f/a7414ad4969de7fe21941326bf2ed86d
A [V1],"Wrangler [V2] [Acapella]
(Nothing To Say)","OG Filename: SZA_Wrangler Music_Acapella
Acapella for ""Wrangler"" [V2].","Apr 27, 2015",,1:32,115,OG File,CD Quality,https://pillows.su/f/8418b9b0dbb1944fb0694451e810ee39
A [V1],"Waste Of Time [Acapella]
(prod. Terrace Martin)","OG Filename: SZA.dup1.07_01 &
Sza Vox Ideas Waste of time
Dry acapella for ""Waste Of Time"".",,,10:41,99,OG File,CD Quality,https://pillows.su/f/c1fdd136f54649654e9a2a4d04877f72
A [V1],"Felix Snow - Lies [V2] [Acapella]
(feat. SZA) (prod. Felix Snow)","OG Filename: SZA LIES VRS2 ACCA
Acapella for the second verse of ""Lies"" [V2].",,,3:31,120,OG File,CD Quality,https://pillows.su/f/8f7b8be197af6f8f674eaabcd2790c16
,"Ctrl [V2]
(A)","(10/??/2016) (A receives a rework)
(06/09/2017) (Ctrl officially releases)",,,,,"Ctrl is the debut studio album by American singer and songwriter SZA. The album was released on June 9, 2017, through Top Dawg Entertainment, and features guest appearances from Kendrick Lamar, Travis Scott, Isaiah Rashad and James Fauntleroy.",,
Ctrl [V2],"Love Galore [Stems]
(prod. Carter Lang & ThankGod4Cody)","Stems for ""Love Galore"".",,,N/A,135,Full,Lossless,https://pillows.su/f/3ad76d0bff3dcc3458e5740498904b2f
Ctrl [V2],"The Weekend [Stems]
(prod. ThankGod4Cody)","Stems for ""The Weekend"".",,,N/A,102,Full,Lossless,https://pixeldrain.com/u/ju5rLyuL
Ctrl [V2],"20 Something [Inst.]
(prod. Carter Lang & The Antydote)","Instrumental for ""20 Something"".",,,2:55,81,Full,CD Quality,https://pillows.su/f/a107b80c6f42b5b460c246bf6dc4225a
Ctrl [V2],"Anything [Inst.]
(prod. Carter Lang & The Antydote)","Instrumental for ""Anything"".",,,2:34,152,Full,CD Quality,https://pillows.su/f/d92fb7b4a69616ce47fed614185e02ca
Ctrl [V2],"Broken Clocks [Inst.]
(prod. ThankGod4Cody)","Instrumental for ""Broken Clocks"".",,,3:52,113,Full,CD Quality,https://pillows.su/f/5f10d605107e38b859f5b6c4cb6343d3
Ctrl [V2],"Doves In The Wind [Inst.]
(feat. Kendrick Lamar) (prod. Cam O'bi)","Instrumental for ""Doves In The Wind"".",,,4:05,137,Full,CD Quality,https://pillows.su/f/724005ef6e7e0e47daea8842cf009120
Ctrl [V2],"Drew Barrymore [Inst.]
(prod. Carter Lang & The Antydote)","Instrumental for ""Drew Barrymore"".",,,4:00,135,Full,Lossless,https://pillows.su/f/5394aa9f8b4275bb0771663bb983b396
Ctrl [V2],"Garden (Say It Like Dat) [Inst.]
(prod. The Donuts, Bēkon, Hector Castro & Craig Balmoris)","Instrumental for ""Garden (Say It Like Dat)"".",,,3:23,111,Full,CD Quality,https://pillows.su/f/4743b2e809188a2aebdc44bc4ec3d3da
Ctrl [V2],"Go Gina [Inst.]
(prod. Carter Lang & The Antydote)","Instrumental for ""Go Gina"".",,,2:25,80,Full,CD Quality,https://pillows.su/f/374bb2efac0ca3e95ad6b5b966cdb958
Ctrl [V2],"Love Galore [Inst.]
(feat. Travis Scott) (prod. Carter Lang & ThankGod4Cody)","Instrumental for ""Love Galore"".",,,4:32,135,Full,CD Quality,https://pillows.su/f/ea4ab6652c7e6aa7ae0fc6ccebd9f077
Ctrl [V2],"Normal Girl [Inst.]
(prod. Carter Lang)","Instrumental for ""Normal Girl"".",,,4:17,76,Full,CD Quality,https://pillows.su/f/73bdfde037da15a690f151ad514f16b9
Ctrl [V2],"Pretty Little Birds [Inst.]
(feat. Isaiah Rashad) (prod. The Antydote, LoveDragon & Carter Lang)","Instrumental for ""Pretty Little Birds"".",,,4:08,120,Full,CD Quality,https://pillows.su/f/5299183b38d59f97626ce467eb9aa924
Ctrl [V2],"Prom [Inst.]
(prod. Carter Lang & The Antydote)","Instrumental for ""Prom"".",,,3:24,120,Full,CD Quality,https://pillows.su/f/7156a65a8de602659aecb898cab7eede
Ctrl [V2],"The Weekend [Inst.]
(prod. ThankGod4Cody)","Instrumental for ""The Weekend"".",,,4:04,73,Full,CD Quality,https://pillows.su/f/23a5a72c2e18002e472e73dbf489a88a
Ctrl [V2],"Miles [Inst.]
(prod. The Antydote)","OG Filename: SZA_MILES_INST_5_12_22_mastered_v1
Instrumental for ""Miles"".","May 12, 2022",,1:09,96,OG File,Lossless,https://pillows.su/f/0d2d5600214a7752459e4362f2dd3075
Ctrl [V2],"Wavy (Interlude) [Inst.]
(feat. James Fauntleroy) (prod. Prophit & ThankGod4Cody)","Instrumental for ""Wavy (Interlude)"".",,,1:16,79,Full,CD Quality,https://pillows.su/f/42fdac0e29b8583bb7287e14a1302602
Ctrl [V2],"Love Galore [Backing Track]
(feat. Travis Scott) (prod. Carter Lang & ThankGod4Cody)","Backing track for ""Love Galore"" which was used during live performances. About 20 seconds of silence fill the space where the voicemail would be. Leaked on 12/8/2024 alongside the stems for this track and respective rehearsal recordings.",,,4:38,135,Full,Lossless,https://pillows.su/f/223c3d824653043b131c5f210d69b491
Ctrl [V2],"Prom [SOS Tour Mix]
(prod. The Antydote & ???)","The remix of ""Prom"" used as a backing track for the SOS Tour. Snippet leaked on 4/24/2025.",,,?:??,120,Partial,CD Quality,https://pillows.su/f/fc5645e9e355bfb2242db1007373d494
Ctrl [V2],"The Weekend [Backing Track]
(prod. Calvin Harris & ThankGod4Cody)","Backing track for ""The Weekend"" which was used during live performances. Contains additional production from the Calvin Harris remix of the song in the outro. Leaked on 12/8/2024 alongside the stems for this track and respective rehearsal recordings.",,,4:45,102,Full,Lossless,https://pillows.su/f/696afcc9531ae82b84bf1877c34f1860
,"SOS
(S.O.S, Save Our Ship)","(06/09/2017) (Ctrl officially releases)
(09/04/2020) (""Hit Different"" releases as a loose single)
(12/25/2020) (The first single ""Good Days"" officially releases)
(??/??/2021) (The album's progress picked up pace throughout 2021 and 2022)
(06/09/2022) (The deluxe edition of Ctrl officially releases)
(12/09/2022) (SOS officially releases)",,,,,"SOS is the second studio album by American singer-songwriter SZA. It was released on December 9, 2022, by Top Dawg Entertainment and RCA Records. The album features guest appearances from Don Toliver, Phoebe Bridgers, Travis Scott, and the late Ol' Dirty Bastard. SZA worked with a variety of record producers and songwriters such as Babyface, Jeff Bhasker, Rob Bisel, Benny Blanco, Darkchild, DJ Dahi, Ant Clemons, and Lizzo. It serves as the follow-up to SZA's debut album Ctrl.",,
SOS,"27 Hours [Sessions]
(prod. Michael Uzowuru & Tyler Johnson)","Sessions for ""27 Hours."" Multiple users have stated that these sessions are passed and may leak soon; however, due to SZA's statement about suing those who leak content from SOS and upcoming projects, it may not be anytime soon.",,,N/A,140,Conflicting Sources,Not Available,N/A
SOS,"Kill Bill (Remix) [Sessions]
(feat. Doja Cat) (prod. Carter Lang)","Sessions for the ""Kill Bill"" remix featuring Doja Cat.",,,N/A,89,Snippet,CD Quality,https://pillows.su/f/22a41eb75020e76c20e42a51eb85bece
SOS,"Doja Cat - Kiss Me More [Sessions]
(feat. SZA) (prod. Carter Lang, Rogét Chahayed, ​tizhimself, Yeti Beats & Dr. Luke)","OG Filename: KMM - DOJA
Sessions for ""Kiss Me More"".","Nov 27, 2020",,N/A,111,Full,Lossless,https://pillows.su/f/f6dbc50be9206932e275914c23188db7
SOS,"All The Stars [Fortnite Stems]
(with Kendrick Lamar) (prod. Sounwave)
(All Of the Stars)","Fortnite stems for the clean album version of ""All The Stars"".",,,N//A,96.8,Full,Lossless,https://imgur.gg/f/b2we97o
SOS,"I Hate U [Stems]
(prod. Sir Dylan, ThankGod4Cody, Rob Bisel & Carter Lang)","Stems for ""I Hate U"".",,,N/A,107,Full,Lossless,https://pillows.su/f/3dfd67b718089eddc576f99484f38000
SOS,"Love Language [Guitar Stem]
(prod. ThankGod4Cody, Yakob, Carter Lang & The Neptunes)
(I Don't Need Rent)","OG Filename: LINT untitled Serato Sample 23-24b_1
Guitar stem for ""Love Language"" which leaked on 7/23/2024.",,,2:57,130,OG File,Lossless,https://pillows.su/f/edd881c1be76f9d95873fc81c206855d
SOS,"Power Is Power [Stems]
(with The Weeknd & Travis Scott) (prod. Myles Martin, DaHeala, Ricky Reed & The Weeknd)","Stems for an early version of ""Power Is Power"". Only contains audio from the final two minutes of the track, primarily focused on Travis' part as Mike Dean was adding additional production.",,,N/A,180,Full,Lossless,https://pillows.su/f/312e57891b0dbe442ce49386c2d906f8
SOS,"Conceited [Inst.]
(prod. ThankGod4Cody)","Instrumental for ""Conceited"".",,,2:33,150,Full,Lossless,https://pillows.su/f/2d967fc67cdc0a790216614f634755d1
SOS,"Ghost in the Machine [Inst.]
(feat. Phoebe Bridgers) (prod. Carter Lang, Rob Bisel & Matt Cohn)","Instrumental for ""Ghost in the Machine"".",,,3:38,125,Full,Lossless,https://pillows.su/f/0189e63517f203f064a229092fc29108
SOS,"Kill Bill [Inst.]
(prod. Carter Lang & Rob Bisel)","Instrumental for ""Kill Bill"".",,,2:34,89,Full,Lossless,https://pillows.su/f/905911cfddec07726539ac04071a8f0d
SOS,"Kill Bill (Remix) [Inst.]
(feat. Doja Cat) (prod. Carter Lang)","Instrumental for the ""Kill Bill"" remix featuring Doja Cat.",,,2:55,89,Full,CD Quality,https://pillows.su/f/92035fdfb2c727284318cf3f43677742
SOS,"Low [Inst.]
(prod. Aire Atlantica, Alessandro Buccellati & Rob Bisel)","Instrumental for ""Low"".",,,3:01,145,Full,Lossless,https://pillows.su/f/74b155a579aa9518e8765aff0416f92b
SOS,"Nobody Gets Me [Inst.]
(prod. benny blanco & Carter Lang)","Instrumental for ""Nobody Gets Me"".",,,3:02,150,Full,Lossless,https://pillows.su/f/1c5f4894e0051c8fd6e32664c7b16843
SOS,"Open Arms [Inst.]
(feat. Travis Scott) (prod. Michael Uzowuru, Rob Bisel & Teo Halm)","Instrumental for ""Open Arms"".",,,3:24,78,Full,Lossless,https://pillows.su/f/9c51eb8b5be131cdfde5ce59500bd38b
SOS,"Open Arms (Solo Version) [Inst.]
(prod. Michael Uzowuru, Rob Bisel & Teo Halm)","Instrumental for ""Open Arms (Solo Version)"".",,,3:04,78,Full,Lossless,https://pillows.su/f/b388b7d89b8d4cabbb40b8814698caf7
SOS,"Seek & Destroy [Inst.]
(prod. Carter Lang, Rob Bisel, Scum & ThankGod4Cody)","Instrumental for ""Seek & Destroy"".",,,3:25,152,Full,Lossless,https://pillows.su/f/306c1efd99e0225838fa2be183994648
SOS,"Shirt [Inst.]
(prod. Rodney Jerkins & Freaky Rob)
(Bloodstain)","Instrumental for ""Shirt"".",,,3:02,120,Full,Lossless,https://pillows.su/f/a42cd27ed30dc00561197a83c090783c
SOS,"Smoking on My Ex Pack [Inst.]
(prod. Jay Versace)","Instrumental for ""Smoking on My Ex Pack"".",,,1:23,81,Full,Lossless,https://pillows.su/f/efa1a8287d3a895e1229a9cd9ffcc56f
SOS,"Snooze [Inst.]
(prod. Babyface, Khristopher Riddick-Tynes, Leon Thomas III & BLK Beats)","Instrumental for ""Snooze"".",,,3:21,143,Full,Lossless,https://pillows.su/f/77e5d4e012a6b573f14d2f47623efe5a
SOS,"SOS [Inst.]
(prod. Jay Versace)","Instrumental for ""SOS"".",,,1:50,79,Full,Lossless,https://pillows.su/f/98b37cfa8fc1b9f87be60287b1a50500
SOS,"Special [Inst.]
(prod. ​benny blanco, Shellback, Omer Fedi & Blake Slatkin)","Instrumental for ""Special"".",,,2:39,83,Full,Lossless,https://pillows.su/f/ae7e0c89108bc25916db145c871e39e0
SOS,"The Other Side [Inst.]
(with Justin Timberlake) (prod. Justin Timberlake & Ludwig Göransson)","Instrumental for ""The Other Side"".",,,3:06,106,Full,CD Quality,https://pillows.su/f/1986b956ec11c1ef713df9d90881ce2a
SOS,"Too Late [Inst.]
(prod. Carter Lang, Rob Bisel, Still Woozy, ThankGod4Cody & Sammy Witte)","Instrumental for ""Too Late"".",,,2:45,128,Full,Lossless,https://pillows.su/f/f36cd48bb81d2e82b5044ab64c5e39a1
SOS,"DJ Khaled - Beautiful [Inst.]
(feat. SZA & Future) (prod. DJ Khaled, TM88, KXVI & Paola Barba)","Instrumental for ""Beautiful"".",,,3:43,172,Full,Lossless,Link Needed
SOS,"Doechii - Persuasive (Remix) [Inst.]
(feat. SZA) (prod. Kal Banx)","Instrumental for the ""Persuasive"" remix featuring SZA.",,,3:30,120,Full,CD Quality,https://pillows.su/f/58e54721ccb267d0c8e601a3749018e9
SOS,"Doja Cat - Kiss Me More [Inst.]
(feat. SZA) (prod. Carter Lang, Rogét Chahayed, ​tizhimself, Yeti Beats & Dr. Luke)","Instrumental for ""Kiss Me More"".",,,3:28,111,Full,Lossless,https://pillows.su/f/20442590fc9d1230f2350889de1ef8c0
SOS,"Lizzo - Jon N Vinny's [Inst.]
(feat. SZA) (prod. star boy)","Instrumental for ""Jon N Vinny's"".",,,,,OG File,CD Quality,Link Needed
SOS,"Pharrell Williams - Fucking Feel Good [Inst.]
(prod. Pharrell Williams & Murda Beatz)
(Can I Change Your Mood)","OG Filename: FFG_PxMurda
Instrumental for ""Fucking Feel Good"". Earliest version of the ""Glo"" instrumental which was used by Pharrell Williams and contains additional production from Murda Beatz.",,,2:57,160,OG File,CD Quality,https://pillows.su/f/196f574a8bc18f96769cd82043dca030
SOS,"Summer Walker - No Love (Extended) [Inst.]
(feat. SZA & Cardi B) (prod. FORTHENIGHT & Sonni)","Instrumental for the extended version of ""No Love"" featuring SZA and Cardi B.",,,4:36,134,Full,High Quality,https://pillows.su/f/6d8dc1948a206ad0784fe1d2d3805a31
SOS,27 Hours [V1] [Acapella],"Acapella for ""27 Hours"" [V1].","Sep 7, 2022",,3:12,74,Full,CD Quality,https://pillows.su/f/69e3593ecebec148096bcccfe2aa44f4
SOS,"Blind [Acapella]
(prod. Rob Bisel, Yuli, Carter Lang & Will Miller)","Acapella for ""Blind"".",,,2:30,114,Full,Lossless,https://pillows.su/f/b54faf962c824cc8b1c7f413324d27d4
SOS,"Kill Bill [Acapella]
(prod. Carter Lang & Rob Bisel)","Acapella for ""Kill Bill"".",,,2:34,89,Full,Lossless,https://pillows.su/f/3a7655f3500312c08554f8bd10c432ee
SOS,Too Late [Acapella],"Unmastered acapella for a slightly different mix of ""Too Late"".",,,2:46,128,Full,CD Quality,https://pillows.su/f/4e573a5fa6926dd2f28316585086942d
SOS,"Shirt [Acapella]
(prod. Rodney Jerkins & Freaky Rob)
(Bloodstain)","Acapella for ""Shirt"".",,,3:01,120,Full,Lossless,https://pillows.su/f/a6a03b4e7573b9d6f3884fc51edd7e17
SOS,"SOS [Acapella]
(prod. Jay Versace)","Acapella for ""SOS"".",,,1:43,79,Full,Lossless,https://pillows.su/f/555df63dbac4d4d4f705485ab50184ef
SOS,"Low [TV Track]
(prod. Aire Atlantica, Alessandro Buccellati & Rob Bisel)","Official TV track for ""Low"" which was leaked by AdoreLeaks on 12/22/2024.",,,3:01,145,Full,Lossless,https://pillows.su/f/a8444bf15a10fc165ec17710565e0854
,"LANA [V1]
(SOS Deluxe)","(08/08/2023) (LANA is announced to be released in fall of 2023)
(03/27/2024) (LANA receives a full rework)",,,,,"The first version of Lana, the deluxe edition of American singer-songwriter SZA's sophomore album SOS, was originally going to contain fan-favorite unreleased tracks, as stated by the artist on a Stationhead livestream which took place on December 14, 2022. It was likely to contain a version of ""BMF"" featuring Lizzo, which did not appear in the released version of the deluxe. She presented six potential album covers on December 10, 2022, which were also not used for the official release.",,
LANA [V1],"Saturn [Inst.]
(prod. Carter Lang, Rob Bisel, Solomonophonic & Monsune)","Instrumental for ""Saturn"".",,,3:06,148,Full,Lossless,https://pillows.su/f/c374b34cbc730ed9dc837bc74ab3da7f
LANA [V1],"Saturn [Acapella]
(prod. Carter Lang, Rob Bisel, Solomonophonic & Monsune)","Acapella for ""Saturn"".",,,3:06,148,Full,Lossless,https://pillows.su/f/4efd9fb20c3029602b217df6806fd518
,"LANA [V2]
(SOS Deluxe)","(12/09/2024) (SOS Deluxe: LANA is officially announced)
(12/20/2024) (SOS Deluxe: LANA is officially released)",,,,,"Lana (fully titled SOS Deluxe: Lana) is the reissue of SOS, the second studio album by American singer-songwriter SZA. It was released on December 20, 2024, through Top Dawg Entertainment and RCA Records. It features a single guest appearance from Kendrick Lamar. The album was supported by the singles ""Saturn"", released on February 22, and ""Drive"", released concurrently with the album itself.",,
LANA [V2],"Kendrick Lamar - luther [Inst.]
(with SZA) (prod. Sounwave, Jack Antonoff, Cardo Got Wings, Kamasi Washington, Scott Bridgeway, Roselilah & Matthew ""MTech"" Bernard)","Instrumental for ""luther"" found on Hipstrumentals.",,,2:54,138,Full,CD Quality,https://pillows.su/f/c3d90670f335887d31fa9a3326cc1866
,LP3 / LP4,"(12/20/2024) (SZA announces the reissue of LANA)
(01/04/2025) (SZA states she wants to potentially create children's music to fulfill her final 2 contractual album releases)
(02/06/2025) (The expansion is announced to release on 02/09/2025)
(02/09/2025) (The bonus tracks are released)",,,,,"Lana (fully titled SOS Deluxe: Lana) is the reissue of SOS, the second studio album by American singer-songwriter SZA. It was released on December 20, 2024, through Top Dawg Entertainment and RCA Records. It features a single guest appearance from Kendrick Lamar. The album was supported by the singles ""Saturn"", released on February 22, and ""Drive"", released concurrently with the album itself.",,
LP3,"MoRuf - PT Cruiser [Inst.]
(with SZA) (prod. Jesse Boykins III, MeLo-X, Nathan Bajar & Aspene Taylor)","Instrumental for ""PT Cruiser"" found on Hipstrumentals.",,,3:43,133,Full,CD Quality,https://pillows.su/f/1f075b26c7197a38b7ce15c32b9035da
