Era,Name,Notes,Designer,Date,Art,Art Type,Use,Link(s)
COMPILATION OF ORIGINAL UNCROPPED ARTWORKS X USED,,,,,,,,
"NSFW WARNING
(This section contains nudity & disturbing imagery).",,,,,,,,
CD MIxtape,Unknown,An image X created and edited himself. Unknown if he planned to use it for a song cover.,XXXTENTACION,,,Other,No,/xgold/art/unknown.jpg
CD MIxtape,News,"A selfie from 2013. Unknown where it is from. Similar to his Tumblr pictures at the time, but he probably only used it for SoundCloud.",XXXTENTACION,,,Front Cover,Yes,/xgold/art/news.jpg
CD MIxtape,News/Flock,"Sungwon's ""This is my contribution to The Gioconda Project - a non-profit artistic experiment showcasing high quality artwork from artists known or anonymous from all over the globe with their own interpretation of the world's most popular painting - Mona Lisa or ""La Gioconda"".
",Sungwon,,,Front Cover,Yes,/xgold/art/news-flock.jpg
CD MIxtape,"Ruff neck (snippet), 21 (acapella), 1998 (acapella) & the end is nigh *dirty* *acapella*",The artwork for these tracks were the same and are lost due to SoundCloud wiping its avatar links.,Unknown,,N/A,Lost,Yes,https://i1.sndcdn.com/avatars-000058910386-cncgrz-t500x500.jpg
CD MIxtape,Mona Lisa [Cover 2],"An alternative cover art for the scrapped mixtape ""Mona Lisa"". Created by X?",XXXTENTACION,,,Alternative,No,/xgold/art/mona-lisa-cover-2.jpg
XXX (UNMASTERED),SDS *Snippet,"This is an erotic game by Kaneshiro that turned later into a hentai by Raika Ken produced in T-Rex Studios - ""Dekakute Ecchi na Ore no Ane (My Big And Horny Sisters)"".",Kaneshiro,,,Front Cover,Yes,/xgold/art/sds-snippet.jpg
XXX (UNMASTERED),Whores On The Boards,"This is an erotic game by Kaneshiro that turned later into a hentai by Raika Ken produced in T-Rex Studios - ""Dekakute Ecchi na Ore no Ane (My Big And Horny Sisters)"".",Kaneshiro,,,Front Cover,Yes,/xgold/art/whores-on-the-boards.jpg
XXX (UNMASTERED),$l0w,An image of Madara Uchiha from Naruto.,Masashi Kishimoto,,,Front Cover,Yes,/xgold/art/l0w.jpg
XXX (UNMASTERED),Palm Trees,"From a Daisuke Nishio movie that was released in February 24th, 1993. The cover art for ""Palm Trees"" appears on 5:20, being the house of the character Master Roshi.",Daisuke Nishio,,,Front Cover,Yes,/xgold/art/palm-trees.jpg
XXX (UNMASTERED),XXX *unfinished*,"A black-and-white photo of what seems to being a man holding a woman hostage, but it just a shooting range target.",XXXTENTACION,,,Front Cover,Yes,/xgold/art/xxx-unfinished.jpg
XXX (UNMASTERED),$LUMPED WHIP (SNIPPET UNMASTERED,"Nyora Spouse's baby picture. It's unknown the day it was taken. We don’t have the full 
Florida map in the background, though we know it was made by Real Pro Group Inc. in 2012.",Nyora Spouse,,,Front Cover,Yes,/xgold/art/lumped-whip-snippet-unmastered.jpg
XXX (UNMASTERED),Breathe Slow,"Nyora Spouse's baby picture. It's unknown the day it was taken. We don’t have the full 
Florida map in the background, though we know it was made by Real Pro Group Inc. in 2012.",Nyora Spouse,,,Front Cover,Yes,/xgold/art/breathe-slow.jpg
XXX (UNMASTERED),M011Y,"Vice City is the fourth main entry in the Grand Theft Auto series, released in October 29th, 2002. It was developed by Rockstar North and published by Rockstar Games. The car being used in the game is the Grotti Cheetah Classic and X found it on the images of the Vice City game on the Play Store.",Rockstar,,,Front Cover,Yes,/xgold/art/m011y.jpg
XXX (UNMASTERED),GANG CYPHER *FREESTYLE*,"Ryan Lorence was a member of the Benchill Mad Dogs that made a gun gesture to David Cameron who served as Prime Minister of the United Kingdom. Ryan Florence became famous and Stuart Mason decided to do a photoshoot with the teenagers of the gang that took place in Benchill, Manchester.",Stuart Mason,,,Front Cover,Yes,/xgold/art/gang-cypher-freestyle.jpg
XXX (UNMASTERED),Jehovah *Freestyle* *Acapella*,The artwork for this track is lost.,Unknown,,N/A,Lost,Yes,Unknown
XXX (UNMASTERED),al.one*,"From the anime Sailor Moon, written by Naoko Takeuchi and released at the end of 1991. This episode is from Season 1, released on August 1st, 1992, with the title ""The Summer, the Beach, Youth and Ghosts"". The cover art appears at 3:55.",Naoko Takeuchi,,,Front Cover,Yes,/xgold/art/al-one.jpg
XXX (UNMASTERED),vice city,"Vice City is the fourth main entry in the Grand Theft Auto series, released in October 29th, 2002. It was developed by Rockstar North and published by Rockstar Games. The car being used in the game is the Grotti Cheetah Classic and X found it on the images of the Vice City game on the Play Store.",Rockstar,,,Front Cover,Yes,/xgold/art/vice-city.jpg
XXX (UNMASTERED),vice city [Cover 2],"Slighly better quality version of the cover art used in the 2022 re-release of the song,",Rockstar,,,Front Cover,Yes,/xgold/art/vice-city-cover-2.jpg
XXX (UNMASTERED),THE END IS NIGH,An image of woman doing lines. The original is a stock image.,XXXTENTACION,,,Front Cover,Yes,/xgold/art/the-end-is-nigh.jpg
XXX (UNMASTERED),M011Y *FREESTYLE* *SLOPPED*,"A Bathing Ape is a Japanese fashion brand founded by Nigo on April 1st, 1993. This exact model of Bape was released on April 24th, 2000.
Wallpapers were inspired by this model and the cover art was probably used from one of them.",Nigo,,,Front Cover,Yes,/xgold/art/m011y-freestyle-slopped.jpg
XXX (UNMASTERED),DEAD,"The Town is a movie released in September 2010 directed by Ben Affleck adapted from Chuck Hogan's 2004 novel Prince of Thieves.
The cover art appears at 1:08:45 being it Ben Affleck wearing a nun mask ready to steal a armored truck.",Ben Affleck,,,Front Cover,Yes,/xgold/art/dead.jpg
Ice Hotel,DUTTY [Upload 1],Artwork for this track is lost.,Unknown,,N/A,Lost,Yes,Unknown
Ice Hotel,(VERYRAREBOYZ),"Not much is known about this picture only that the kid in the pic is Russian and the last time the picture was seen was in 2016 uploaded with the title ""schoolboy-terror.jpg"" ro the site warosu.org",Unknown,,,Front Cover,Yes,/xgold/art/veryrareboyz.jpg
Ice Hotel,DUTTY [Upload 2],"Still taken from A$AP Ferg's ""Shabba"" music video at exactly 3:13 in the video.",A$AP Ferg,,,Front Cover,Yes,/xgold/art/dutty-upload-2.jpg
Ice Hotel,FUCK V2,"Nyora Spouse picture as a teenager posted on Twitter in March 07, 2014 and later used by X. https://twitter.com/NyoraSpouse/status/441757815217340416",Nyora Spouse,,,Front Cover,Yes,/xgold/art/fuck-v2.jpg
Ice Hotel,Blood Stains,"This picture by Joe Klamar was taken in May 28, 2011 in a fight that took place in Banska Bystrica a region in Slovakia. The 2 fighters were Ján Mazúr and Jakub Gazdík being Ján the person appearing in the cover art being him to lose the fight to Jakub.",Drugz,,,Front Cover,Yes,/xgold/art/blood-stains.jpg
Ice Hotel,HUNNID,"This particular episode of The Simpsons from the 11th season released in October 24th, 1999 and the cover art appears at 8:08 being Lisa Simpson with her tougue out looking out of her mind.",Matt Groening,,,Front Cover,Yes,/xgold/art/hunnid.jpg
Ice Hotel,0C3AN *clip*,"Fox News was covering a high-speed chase that began in Phoenix, Arizona, using a live helicopter shot in September 28, 2012.  The anchor Shepard Smith was the person talking in the video when he saw JoDon Romero with 32 years old killing himself after he stopped the car chase.",Fox News,,,Front Cover,Yes,/xgold/art/0c3an-clip.jpg
Ice Hotel,ICY,"Image of actress Morrigan Sanders, She was a regular model for photographer Oleg Volk and has appeared in numerous print PSAs in local and national American magazines.The cover art photo was taken by Oleg Volk and was taken when she was 9 years old in 2011 for a Firearms Magazine.",Oleg Volk,,,Front Cover,Yes,/xgold/art/icy.jpg
Ice Hotel,Felonies,Artwork for this track is lost.,Unknown,,N/A,Lost,Yes,Unknown
Ice Hotel,Kick In The Door,"This hentai of the Dragonball Z series was made by french artist Desto and was made in 2008 being released in Desto website Parodie Paradise.
We can see the cover art used by X at 3:30.",Desto,,,Front Cover,Yes,/xgold/art/kick-in-the-door.jpg
Ice Hotel,cum,"Image of a forest with the words ""cum"" in Rocky AOE font. Forest location is unknown.",XXXTENTACION,,,Front Cover,Yes,/xgold/art/cum.jpg
Ice Hotel,Catch Me,Photo of Ski Mask with a skull mask on taken in 2014.,Ski Mask,,,Front Cover,Yes,/xgold/art/catch-me.jpg
Ice Hotel,INUYASHA,Inuyasha from Inuyashas. Parental advisory sign is cut off.,,,,Front Cover,Yes,/xgold/art/inuyasha.jpg
Ice Hotel,ICE HOTEL (intro),The Ice King's ice castle from Adventure Time.,Cartoon Network,,,Front Cover,Yes,/xgold/art/ice-hotel-intro.jpg
Ice Hotel,ICE HOTEL EP,"Gothic fantasy or Expiatory temple is a piece of digital artwork by George Grie. This image was initially inspired by the Expiatory Temple of the Sagrada Familia, the yet unfinished masterpiece of the world's most celebrated architect from Catalonia, Antonio Gaudi.",George Grie,,,Front Cover,Yes,/xgold/art/ice-hotel-ep.jpg
e.motion,3 AM freestyle,Artwork for this track is lost. Doesnt use the one we know as that image was created after this upload.,Unknown,,N/A,Lost,Yes,Unknown
e.motion,ecstasy,"19 year old Nebraska woman who stole $6000 from a bank in 2012. After the crime she immediately posted a video to YouTube titled ""Chick Bank Robber"" where she held bundles of cash up to the camera and bragged about what she'd done. She was caught the same day.",Hannah Sabata,,,Front Cover,Yes,/xgold/art/ecstasy.jpg
e.motion,e.motion,Graphic that anyone could've made. Finding the origin would be as hard as finding a needle in a haystack.,???,,,Front Cover,Yes,/xgold/art/e-motion.jpg
e.motion,hoe,Still taken from a 2002 porn video featuring a woman named Sara.,Ray Guhn,,,Front Cover,Yes,/xgold/art/hoe.jpg
e.motion,3 AM (freestyle) [Upload 2],"Image of X he took himself, Most likely taken on his laptops webcam. Unknown how he made himself green. Most likely just a filter. There is an alternate one without the green.",XXXTENTACION,,,Front Cover,Yes,/xgold/art/3-am-freestyle-upload-2.jpg
e.motion,ok (freestyle),"Image of Joana Linda posted to her Flickr Jan 1st, 2012",Joana Linda,,,Front Cover,Yes,/xgold/art/ok-freestyle.jpg
e.motion,???,"Uses Rocky AOE font and the full image features the ""catch"" cover art in all the corners.",XXXTENTACION,,,Front Cover,Yes,/xgold/art/.jpg
e.motion,elegant,Still taken from the Napoleon Dynamite film from 2004. Has the character Pedro sitting in a bathtub. Very low quality.,Jared Hess,,,Front Cover,Yes,/xgold/art/elegant.jpg
e.motion,tokyo nostalgia,Origin for this cover art is NEEDED like baaaaddd,,,,Front Cover,Yes,/xgold/art/tokyo-nostalgia.jpg
e.motion,sounds of the melting pot,,,,,Front Cover,Yes,/xgold/art/sounds-of-the-melting-pot.jpg
e.motion,sounds of the melting pot [Cover 2],,,,,Front Cover,Yes,/xgold/art/sounds-of-the-melting-pot-cover-2.jpg
e.motion,john carpenter,,John Carpenter,,,Front Cover,Yes,/xgold/art/john-carpenter.jpg
e.motion,catch,"Cover art is most likely inspired by Drake's track ""Days In The East"". Uses one of the corners from ""???""'s full cover art.",XXXTENTACION,,,Front Cover,Yes,/xgold/art/catch.jpg
e.motion,Bluddy Katon freestyle,"Still taken from the game ""Manhunt"" by Rockstar Games",Rockstar,,,Front Cover,Yes,/xgold/art/bluddy-katon-freestyle.jpg
e.motion,Who The Fuck Is God,,,,,Front Cover,Yes,/xgold/art/who-the-fuck-is-god.jpg
THE NOBODYS,The Shuttle,"Image of a man with ""NOBODYS"" tatted on his neck. X took this from ???'s tumblr page.",,,,Front Cover,Yes,/xgold/art/the-shuttle.jpg
THE NOBODYS,NOBODYS (Intro),"Image of a man with ""NOBODYS"" tatted on his neck. X took this from ???'s tumblr page.",,,,Front Cover,Yes,/xgold/art/nobodys-intro.jpg
THE NOBODYS,zones,,,,,Front Cover,Yes,/xgold/art/zones.jpg
THE NOBODYS,sounds of the melting pot (YXXXNZ TWIST),,,,,Front Cover,Yes,/xgold/art/sounds-of-the-melting-pot-yxxxnz-twist.jpg
THE NOBODYS,captain save a hoe,Literally just a pure white 500 x 500 image.,XXXTENTACION,,,Front Cover,Yes,/xgold/art/captain-save-a-hoe.jpg
THE NOBODYS,ghost in the shell,Artwork for this track is lost. Most likely had the THE NOBODYS cover.,Unknown,,N/A,Lost,Yes,Unknown
THE NOBODYS,ghosts,"Image of a man with ""NOBODYS"" tatted on his neck. X took this from ???'s tumblr page.",,,,Front Cover,Yes,/xgold/art/ghosts.jpg
THE NOBODYS,Angels 2 Demons,Artwork for this track is lost. ,Unknown,,N/A,Lost,Yes,Unknown
THE NOBODYS,ivebeentohelllucifersastandupguy,A red square. However in the full image (Change t500x500 in link to original) there is a blue line on the left side.,XXXTENTACION,,,Front Cover,Yes,/xgold/art/ivebeentohelllucifersastandupguy.jpg
THE NOBODYS,OKAGE THE SHADOW KING,Still taken from the Japanese game Okage: Shadow King released in March of 2001.,Zener Works,,,Front Cover,Yes,/xgold/art/okage-the-shadow-king.jpg
The Fall,WHO SHOT YA,Image of X used as a Soundcloud and Twitter avatar. Is the cover art for both WHO SHOT YA and NEVER.,XXXTENTACION,,,Front Cover,Yes,/xgold/art/who-shot-ya.jpg
The Fall,NEVER,Image of X used as a Soundcloud and Twitter avatar. Is the cover art for both WHO SHOT YA and NEVER.,XXXTENTACION,,,Front Cover,Yes,/xgold/art/never.jpg
The Fall,"i wanna be a witch (cover)",Still from The Wizard of Oz,,,,Front Cover,Yes,/xgold/art/i-wanna-be-a-witch-cover.jpg
The Fall,The Fall ,"Used for many of the tracks including; white girl, FUCKABITCHFACE, ghost, The Fall, NEVER & autumn burns bright",XXXTENTACION,,,Front Cover,Yes,/xgold/art/the-fall.jpg
The Fall,Mega Man,,,,,Front Cover,Yes,/xgold/art/mega-man.jpg
The Fall,Mega Man [Cover 2],Used for the 2017 reupload of the track.,,,,Front Cover,Yes,/xgold/art/mega-man-cover-2.jpg
The Fall,pistol (snippet),"Still taken from hit anime ""Attack on Titan"" of a smiling titan.",Hajime Isayama,,,Front Cover,Yes,/xgold/art/pistol-snippet.jpg
The Fall,brat bug (snippet),"Crop taken from a poster of the 1998 film ""A Bugs Life"" directed by John Lasseter & Andrew Stanton",John Lasseter,,,Front Cover,Yes,/xgold/art/brat-bug-snippet.jpg
♡ ʳ ᵃ ʳ ᵉ ♡,♡ ʳ ᵃ ʳ ᵉ ♡,"Photo depics X opening a ""Newport"" Cigarette Box",XXXTENTACION,,,Front Cover,Yes,/xgold/art/.jpg
♡ ʳ ᵃ ʳ ᵉ ♡,♡ ʳ ᵃ ʳ ᵉ ♡ [Uncropped],,XXXTENTACION,,,Front Cover,Yes,/xgold/art/uncropped.jpg
♡ ʳ ᵃ ʳ ᵉ ♡,ALONE PART 2,Part of the fall photoshoot,XXXTENTACION,,,Front Cover,Yes,/xgold/art/alone-part-2.jpg
♡ ʳ ᵃ ʳ ᵉ ♡,a message to tina belcher [Bandcamp Cover],"Part of the show ""Bobs Burgers""  a still frame on Season 1, Episode 6 - ""Sheesh! Cab, Bob?"" Tina Belcher asks what a transvestine hooker is while eating breakfast.",Loren Hal Bouchard,,,Front Cover,Yes,/xgold/art/a-message-to-tina-belcher-bandcamp-cover.png
♡ ʳ ᵃ ʳ ᵉ ♡,R U N,"Stock image of a photo X was getting for his then friend later turned girlfriend in 2016 ""Geneva Ayala""",,,,Front Cover,Yes,/xgold/art/r-u-n.jpg
♡ ʳ ᵃ ʳ ᵉ ♡,BOOFPACK,Image of cannabis seeds.,,,,Front Cover,Yes,/xgold/art/boofpack.jpg
♡ ʳ ᵃ ʳ ᵉ ♡,//Nobodys\\,,,,,Front Cover,Yes,/xgold/art/nobodys.jpg
♡ ʳ ᵃ ʳ ᵉ ♡,"MEANY",Artwork for this track is lost. ,Unknown,,N/A,Lost,Yes,Unknown
♡ ʳ ᵃ ʳ ᵉ ♡,A Nigga Like You,,,,,Front Cover,Yes,/xgold/art/a-nigga-like-you.jpg
♡ ʳ ᵃ ʳ ᵉ ♡,Autum Wind [Cover Idea],"Cover idea for Au Flexgod's mixtape ""Autum Wind"". ANLY probably would've this cover art too.",,,,Alternative,No,/xgold/art/autum-wind-cover-idea.jpg
Red Light District,pab moob (snippet),Artwork for this track is lost. ,Unknown,,N/A,No,Yes,Unknown
Red Light District,pab moob,"Wanted posted featuring Pinky and The Brain used for ""pab moob"".",Unknown,,,Front Cover,Yes,/xgold/art/pab-moob.jpg
Red Light District,pab moob [Bandcamp Cover],Artwork used for the Bandcamp upload of the song.,Anyone,,,Front Cover,Yes,/xgold/art/pab-moob-bandcamp-cover.jpg
Red Light District,rolling,Found on Tumblr bla bai,Rxnty,,,Front Cover,Yes,/xgold/art/rolling.jpg
Red Light District,Clarity (Snippet),,H. Kaleci,,,Front Cover,Yes,/xgold/art/clarity-snippet.jpg
Red Light District,skin & leave,"Image of an image, you can see X's fingers within the image.",XXXTENTACION,,,Front Cover,Yes,/xgold/art/skin-leave.jpg
Red Light District,red light lie (Intro),Artwork for this track is lost. ,Unknown,,N/A,Lost,Yes,Unknown
Red Light District,"""The Devils Playground"" Red Light Lie (clip)","Another red square which still has the blue line like in the ""ivebeentohell"" cover in the full image.",XXXTENTACION,,,Front Cover,Yes,/xgold/art/the-devils-playground-red-light-lie-clip.jpg
Red Light District,Love (Interlude),Artwork for this track is lost. ,Unknown,,N/A,Lost,Yes,Unknown
Red Light District,Red,Artwork for this track is lost. ,Unknown,,N/A,Lost,Yes,Unknown
Members Only Vol. 1,Freddy vs Jason,,,,,Front Cover,Yes,/xgold/art/freddy-vs-jason.jpg
Members Only Vol. 1,I & M,,,,,Front Cover,Yes,/xgold/art/i-m.jpg
Members Only Vol. 1,PRIME TIME,,,,,Front Cover,Yes,/xgold/art/prime-time.jpg
Members Only Vol. 1,Prime (Verse),A black square but when you brighten the image up theres actually a design of what looks to be some sort of red material.,XXXTENTACION,,,Front Cover,Yes,/xgold/art/prime-verse.jpg
Members Only Vol. 1,Members Only Vol. 1,,,,,Front Cover,Yes,/xgold/art/members-only-vol-1.jpg
Members Only Vol. 1,"TELL BUKKWEAT SUCK MY DICK (SNIPPET)
",,,,,Front Cover,Yes,/xgold/art/tell-bukkweat-suck-my-dick-snippet.jpg
Members Only Vol. 1,RUN UP ON ME (SNIPPET),,,,,Front Cover,Yes,/xgold/art/run-up-on-me-snippet.jpg
Members Only Vol. 1,NightmareZ & Prime Time (Black God Version),,,,,Front Cover,Yes,/xgold/art/nightmarez-prime-time-black-god-version.jpg
Members Only Vol. 1,NightmareZ [Cover 2],,,,,Front Cover,Yes,/xgold/art/nightmarez-cover-2.jpg
Members Only Vol. 1,Teeth (Interlude),An image of lilmixedhunny https://www.instagram.com/p/BpzDn0dhows/,lilmixedhunny,,,Front Cover,Yes,/xgold/art/teeth-interlude.jpg
Members Only Vol. 1,Backstroke,,,,,Front Cover,Yes,/xgold/art/backstroke.jpg
Members Only Vol. 2,"CHAPTER 1 (clip)",A black square but when you brighten the image up theres actually a design of what looks to be some sort of red material.,XXXTENTACION,,,Front Cover,Yes,/xgold/art/chapter-1-clip.jpg
Members Only Vol. 2,CHAPTER 2 (clip),,,,,Front Cover,Yes,/xgold/art/chapter-2-clip.jpg
Members Only Vol. 2,CHAPTER 2 (SNIPPET),An image of lilmixedhunny https://www.instagram.com/p/BpzDn0dhows/,lilmixedhunny,,,Front Cover,Yes,/xgold/art/chapter-2-snippet.jpg
Members Only Vol. 2,RIOT,A black square but when you brighten the image up theres actually a design of what looks to be some sort of red material.,XXXTENTACION,,,Front Cover,Yes,/xgold/art/riot.jpg
Members Only Vol. 2,Red Light Lie (YAWNS Re-Fix),,,,,Front Cover,Yes,/xgold/art/red-light-lie-yawns-re-fix.jpg
Members Only Vol. 2,"Rare, Part 2",,,,,Front Cover,Yes,/xgold/art/rare-part-2.jpg
Members Only Vol. 2,Chapter 1,Black square.,XXXTENTACION,,,Front Cover,Yes,/xgold/art/chapter-1.jpg
Members Only Vol. 2,Chapter 1 [Cover 2],Used for Fifty Grand's upload of the song.,,,,Front Cover,Yes,/xgold/art/chapter-1-cover-2.jpg
Members Only Vol. 2,"Chapter 2",An image of lilmixedhunny https://www.instagram.com/p/BpzDn0dhows/,lilmixedhunny,,,Front Cover,Yes,/xgold/art/chapter-2.jpg
Members Only Vol. 2,Chapter 1 (outro),,,,,Front Cover,Yes,/xgold/art/chapter-1-outro.jpg
Members Only Vol. 2,Save Me (Snippet),,,,,Front Cover,Yes,/xgold/art/save-me-snippet.jpg
Members Only Vol. 2,SHUT UP (Snippet),,,,,Front Cover,Yes,/xgold/art/shut-up-snippet.jpg
Members Only Vol. 2,Crush,Artwork for this track is lost. However we have a screeshot of what it looked like. NOTE: IMAGE USED IS A REMAKE.,Unknown,,,Front Cover,Yes,/xgold/art/crush.png
Members Only Vol. 2,Crush [Cover 2],,,,,Front Cover,Yes,/xgold/art/crush-cover-2.jpg
Members Only Vol. 2,VERY RARE FOREVER FREESTYLE,,XXXTENTACION,,,Front Cover,Yes,/xgold/art/very-rare-forever-freestyle.jpg
Members Only Vol. 2,I am!,Artwork for this track is lost. ,Unknown,,N/A,Lost,Yes,Unknown
Members Only Vol. 2,Broly,Black square.,XXXTENTACION,,,Front Cover,Yes,/xgold/art/broly.jpg
Members Only Vol. 2,I AM! (Snippet),,,,,Front Cover,Yes,/xgold/art/i-am-snippet.jpg
Members Only Vol. 2,LUNACY,,,,,Front Cover,Yes,/xgold/art/lunacy.jpg
Members Only Vol. 2,Netherrack (Snippet),Netherack texture from the game Minecraft.,Mojang,,,Front Cover,Yes,/xgold/art/netherrack-snippet.jpg
Members Only Vol. 2,Save Yourself (Snippet),"Recoloured image of ""The Devil and Tom Walker"" painting by Charles Deas made to accompany a tale created by Washington Irving in the 16th century.",Charles Deas,,,Front Cover,Yes,/xgold/art/save-yourself-snippet.jpg
Members Only Vol. 2,Netflix And Chill,,,,,Front Cover,Yes,/xgold/art/netflix-and-chill.jpg
Members Only Vol. 2,Caution (Snippet),,,,,Front Cover,Yes,/xgold/art/caution-snippet.jpg
Members Only Vol. 2,"TheresAnElephantInTheRoom (Acoustic Version)
",,,,,Front Cover,Yes,/xgold/art/theresanelephantintheroom-acoustic-version.jpg
Members Only Vol. 2,ImAloneImSorryCinthia,The Fall,,,,Front Cover,Yes,/xgold/art/imaloneimsorrycinthia.jpg
Members Only Vol. 2,Live Off A Lick,,,,,Front Cover,Yes,/xgold/art/live-off-a-lick.jpg
Members Only Vol. 2,Live Off A Lick [Cover 2],,,,,Front Cover,Yes,/xgold/art/live-off-a-lick-cover-2.jpg
Members Only Vol. 2,"TUMMY TUCK (XXX ""LICK"" VERSE)",,,,,Front Cover,Yes,/xgold/art/tummy-tuck-xxx-lick-verse.jpg
Members Only Vol. 2,Jinzo Shut The Trap Down,"Artwork for this track is either lost or unknown, its possible that it was KHAED's profile picture as he used it often. ",,,N/A,Lost,Yes,
Members Only Vol. 2,WingRiddenAngel,,,,,Front Cover,Yes,/xgold/art/wingriddenangel.jpg
Members Only Vol. 2,Members Only Vol. 2,,,,,Front Cover,Yes,/xgold/art/members-only-vol-2.jpg
KIDS,ILOVEITWHENTHEYRUN,,,,,Front Cover,Yes,/xgold/art/iloveitwhentheyrun.jpg
KIDS,Gnarly Freestyle!,"Cropped version of ""Lucifuge Rofocale And The Decapitator"" by Wayne Barlowe",Wayne Barlowe,,,Front Cover,Yes,/xgold/art/gnarly-freestyle.jpg
KIDS,IWATCHEDHIMDROWN (INTRO),,,,,Front Cover,Yes,/xgold/art/iwatchedhimdrown-intro.jpg
KIDS,GNARLY BASTARD,,,,,Front Cover,Yes,/xgold/art/gnarly-bastard.jpg
KIDS,GnarlyGuyAnthem! (Hell Version),,,,,Front Cover,Yes,/xgold/art/gnarlyguyanthem-hell-version.jpg
KIDS,"PISTOL remix!
",,,,,Front Cover,Yes,/xgold/art/pistol-remix.jpg
KIDS,PISTOL remix! [Cover 2],Zoomed in version of The Fall,,,,Front Cover,Yes,/xgold/art/pistol-remix-cover-2.jpg
KIDS,WitDemDicks!,,,,,Front Cover,Yes,/xgold/art/witdemdicks.jpg
KIDS,Unknown,"Cover for who knows what posted by X on his Tumblr with the caption ""coming soon 🔪💜"".",XXXTENTACION,,,Front Cover,No,/xgold/art/unknown.jpg
KIDS,"LET'S PRETEND WERE NUMB",,,,,Front Cover,Yes,/xgold/art/let-s-pretend-were-numb.jpg
KIDS,LET'S PRETEND WERE NUMB [Cover 2],,,,,Front Cover,Yes,/xgold/art/let-s-pretend-were-numb-cover-2.jpg
KIDS,Look At Me!,,Kid Pronto,,,Front Cover,Yes,/xgold/art/look-at-me.jpg
KIDS,Look At Me! [Cover 2],Used for streaming. Is a picture of X holding a gun,XXXTENTACION,,,Front Cover,Yes,/xgold/art/look-at-me-cover-2.jpg
KIDS,FukEmWeBall,"Screenshot taken from the film ""SNOW ON THA BLUFF"" which released 19th June 2012. The frame used in the cover art is from around 30:40.",Cutis Snow,,,Front Cover,Yes,/xgold/art/fukemweball.jpg
KIDS,KIDS,"Cover art used for the KIDS EP and tracks like you're thinking too much, TEASER , IGOTPLENTY & Elephant In The Room.",XXXTENTACION,,,Front Cover,Yes,/xgold/art/kids.jpg
KIDS,HIT THE DIRT,,,,,Front Cover,Yes,/xgold/art/hit-the-dirt.jpg
KIDS,SPACEGHOSTPUSSY (RIP YAMS),,,,,Front Cover,Yes,/xgold/art/spaceghostpussy-rip-yams.jpg
KIDS,PURRPOSELY,Photo of a young SpaceGhostPurrp.,SpaceGhostPurrp,,,Front Cover,Yes,/xgold/art/purrposely.jpg
KIDS,Dont Test Me (Remix),Mashup of Wifi's and X's logo combined. Could've been used for their Death Note collab but we don't know.,,,,Front Cover,Yes,/xgold/art/dont-test-me-remix.jpg
KIDS,Death Note,,,,,Front Cover,No,/xgold/art/death-note.png
KIDS,Fatality (Snippet),,,,,Front Cover,Yes,/xgold/art/fatality-snippet.jpg
KIDS,Fatality (Snippet) [Cover 2],,,,,Front Cover,Yes,/xgold/art/fatality-snippet-cover-2.jpg
KIDS,FAILURE IS NOT AN OPTION (Interlude),,,,,Front Cover,Yes,/xgold/art/failure-is-not-an-option-interlude.jpg
KIDS,#ImSippinTeaInYoHood,Has X's face plastered over an AriZona Tea ad,XXXTENTACION,,,Front Cover,Yes,/xgold/art/imsippinteainyohood.jpg
KIDS,EMOJI,,,,,Front Cover,Yes,/xgold/art/emoji.jpg
IWABOS,Jugg Walk ,NOTE: Image is a remake,,,,Front Cover,Yes,/xgold/art/jugg-walk.jpg
IWABOS,Jugg Walk [Cover 2],Cover art used for Jugg Walk. has Ski on the cover which was taken from a video.,Absentwill,,,Front Cover,Yes,/xgold/art/jugg-walk-cover-2.jpg
IWABOS,Jugg Walk [Cover 3],,,,,Front Cover,Yes,/xgold/art/jugg-walk-cover-3.jpg
IWABOS,ItWasntEnough,,,,,Front Cover,Yes,/xgold/art/itwasntenough.jpg
IWABOS,ItWillAllBeOverSoon,"Same cover as ""FAILURE IS NOT AN OPTION"". was seen used in a pic that X took that showed this as the tape cover and a few tracks.",Dylan Noir,,,Front Cover,Yes,/xgold/art/itwillallbeoversoon.jpg
IWABOS,ItWillAllBeOverSoon [Cover 2],NOTE: Image is a remake,,,,Front Cover,Yes,/xgold/art/itwillallbeoversoon-cover-2.jpg
IWABOS,ItWillAllBeOverSoon [Cover 3],,Garrette,,,Front Cover,No,/xgold/art/itwillallbeoversoon-cover-3.png
IWABOS,ItWillAllBeOverSoon [Cover 4],,Garrette,,,Front Cover,No,/xgold/art/itwillallbeoversoon-cover-4.png
IWABOS,ItWillAllBeOverSoon [Cover 5],Another cover art that was planned to be used but X didn't like it. Leaked by vlone (vlonerares on Insta).,Jedifilms,,,Front Cover,No,/xgold/art/itwillallbeoversoon-cover-5.jpg
IWABOS,THROAT the violent valentine lullaby,,,,,Front Cover,Yes,/xgold/art/throat-the-violent-valentine-lullaby.jpg
IWABOS,THROAT the violent valentine lullaby [Cover 2],,,,,Front Cover,Yes,/xgold/art/throat-the-violent-valentine-lullaby-cover-2.jpg
IWABOS,"IN THIS BITCH LIT, FREE KEKE & FREE 2 WOOP FREESTYLE",,Dylan Noir,,,Front Cover,Yes,/xgold/art/in-this-bitch-lit-free-keke-free-2-woop-freestyle.jpg
IWABOS,i don't wanna do this anymore ,,,,,Front Cover,Yes,/xgold/art/i-don-t-wanna-do-this-anymore.jpg
IWABOS,i don't wanna do this anymore [Cover 2],An image of X where he seems to be lying down on his side.,XXXTENTACION,,,Front Cover,Yes,/xgold/art/i-don-t-wanna-do-this-anymore-cover-2.jpg
IWABOS,I spoke to the devil in Miami remix,,,,,Front Cover,Yes,/xgold/art/i-spoke-to-the-devil-in-miami-remix.jpg
IWABOS,KING,"X's heartbreak logo, X also had this tatted on him.",XXXTENTACION,,,Front Cover,Yes,/xgold/art/king.jpg
IWABOS,KING [Cover 2],,XXXTENTACION,,,Front Cover,Yes,/xgold/art/king-cover-2.jpg
IWABOS,KING [Cover 3],"Cover art used for the Tumblr upload of KING, Cropped version oif the full ItWillAllBeOverSoon image.",,,,Front Cover,Yes,/xgold/art/king-cover-3.png
IWABOS,"Willy Wonka Was a Child Murderer",,XXXTENTACION,,,Front Cover,Yes,/xgold/art/willy-wonka-was-a-child-murderer.jpg
IWABOS,"RIP ROACH ""EAST SIDE SOULJA""",,,,,Front Cover,Yes,/xgold/art/rip-roach-east-side-soulja.jpg
IWABOS,TAKE A STEP BACK,,,,,Front Cover,Yes,/xgold/art/take-a-step-back.jpg
IWABOS,TAKE A STEP BACK [Cover 2],,,,,Front Cover,Yes,/xgold/art/take-a-step-back-cover-2.jpg
IWABOS,Innadat,"Image of Robb Bank$, from the C2: Death Of My Teenage Cover photoshoot",Robb Bank$,,,Front Cover,Yes,/xgold/art/innadat.jpg
IWABOS,Innadat [Cover 2],,,,,Front Cover,Yes,/xgold/art/innadat-cover-2.jpg
Bad Vibes Forever,"a helping hand, not a song","Photo of X as a child, would later be edited and used for tightrope.",XXXTENTACION,,,Front Cover,Yes,/xgold/art/a-helping-hand-not-a-song.jpg
Bad Vibes Forever,SUICIDE PIT (Freestyle),"Still taken from the Nickelodeon TV Show ""The Wild Thornberries"". ",Rybundy,,,Front Cover,Yes,/xgold/art/suicide-pit-freestyle.jpg
Bad Vibes Forever,SUICIDE PIT (Freestyle) [Cover 2],"tumblr_mipyueYs2I1qeqr5fo1_1280.png
Alternative cover art for SUICIDE PIT (Freestyle) leaked by Vlone.",,,,Alternative,No,/xgold/art/suicide-pit-freestyle-cover-2.png
Bad Vibes Forever,tightrope,X as a baby with his at the time tattoos added.,XXXTENTACION,,,Front Cover,Yes,/xgold/art/tightrope.jpg
Bad Vibes Forever,"YuNg BrAtZ",Image of a customised Bratz doll uploaded to deviant art.,jvcustoms,,,Front Cover,Yes,/xgold/art/yung-bratz.jpg
Bad Vibes Forever,YuNg BrAtZ [Cover 2],Still taken from the NotLinden and X altercation. One of X's most iconic Soundcloud cover arts.,XXXTENTACION,,,Front Cover,Yes,/xgold/art/yung-bratz-cover-2.jpg
Bad Vibes Forever,YuNg BrAtZ [Cover 3],Soundcloud removed the 2nd cover replacing with a simple gradient.,Soundcloud,,,Front Cover,Yes,/xgold/art/yung-bratz-cover-3.png
Bad Vibes Forever,Bodies,Image of static with a coffin with flowers and a face placed on it in the top left.,,,,Front Cover,Yes,/xgold/art/bodies.jpg
Bad Vibes Forever,today I will repost anyones song on my page for 24 hours!,Image of the Addams family that was also used as his profile picture for sometime. X was a fan of the Addams family as he named a track after Wednesday Addams.,,,,Front Cover,Yes,/xgold/art/today-i-will-repost-anyones-song-on-my-page-for-24-hours.jpg
Bad Vibes Forever,i wonder if bloods watch blues clues,,,,,Front Cover,Yes,/xgold/art/i-wonder-if-bloods-watch-blues-clues.jpg
Bad Vibes Forever,i wonder if bloods watch blues clues [Cover 3],"
PtYCAKE.png
Alt cover art planned for ""i wonder if bloods watch blues clues"" (Patty Cake). Created by Dylan Noir, Leaked by Vlone.",Dylan Noir,,,Alternative,No,/xgold/art/i-wonder-if-bloods-watch-blues-clues-cover-3.jpg
Bad Vibes Forever,Chapter 1 [Tumblr Upload],"Image of X when ikabod tatted ""BAD"" on his eyelid. The image was also used as his YouTube profile picture.",XXXTENTACION,,,Front Cover,Yes,/xgold/art/chapter-1-tumblr-upload.jpg
Bad Vibes Forever,HAPPY HALLOWEEN (FUCK THE POPULATION),Just an orange square that anyone could've made. The hex code is #FE6600.,Anyone,,,Front Cover,Yes,/xgold/art/happy-halloween-fuck-the-population.jpg
Bad Vibes Forever,HAPPY HALLOWEEN (FUCK THE POPULATION) [Cover 2],Used for STAIN's upload of the song. Hex code is #FF5B25.,Anyone,,,Front Cover,Yes,/xgold/art/happy-halloween-fuck-the-population-cover-2.jpg
Bad Vibes Forever,WAAAXXX,"Cover art used for ""WAAAXXX"".",Yaprak Asimov,,,Front Cover,Yes,/xgold/art/waaaxxx.jpg
Bad Vibes Forever,WAAAXXX [Cover 2],"Alternative cover art used for ""WAAAXXX"".",Yaprak Asimov,,,Front Cover,Yes,/xgold/art/waaaxxx-cover-2.jpg
Bad Vibes Forever,WAAAXXX [Cover 3],"Alternative cover art used for ""WAAAXXX"".",Yaprak Asimov,,,Front Cover,Yes,/xgold/art/waaaxxx-cover-3.jpg
Bad Vibes Forever,WAAAXXX [Cover 4],"Another alternative cover art used for ""WAAAXXX"" from Yaprak's ""PURE DATA"" EP.",Yaprak Asimov,,,Front Cover,Yes,/xgold/art/waaaxxx-cover-4.jpg
Bad Vibes Forever,KILL ME (Pain From The Jail Phone),Same as Happy Halloween.,Anyone,,,Front Cover,Yes,/xgold/art/kill-me-pain-from-the-jail-phone.jpg
Bad Vibes Forever,Bad Vibes Forever,Official cover art planned for the scrapped tape.,,,,Front Cover,No,/xgold/art/bad-vibes-forever.jpg
Bad Vibes Forever,Bad Vibes Forever [Cover 2],"Alternative and more known cover art for ""Bad Vibes Forever"".",,,,Front Cover,No,/xgold/art/bad-vibes-forever-cover-2.png
Bad Vibes Forever,Bad Vibes Forever [Tracklist],Tracklisting for the scrapped tape.,XXXTENTACION,,,Other,No,/xgold/art/bad-vibes-forever-tracklist.png
Bad Vibes Forever,BUY GARETTES CLOTHING OR I'LL FUCKING KILL YOU (Snippet),X's infamous mugshot with a black transparent parental advisory sign.,XXXTENTACION,,,Front Cover,Yes,/xgold/art/buy-garettes-clothing-or-i-ll-fucking-kill-you-snippet.jpg
Bad Vibes Forever,King Of The Dead [Fifty Grand Upload],Used for the Fifty Grand upload of the track. Image is a Face Swap edit of Hercules and Hades.,Buzz Feed,,,Front Cover,Yes,/xgold/art/king-of-the-dead-fifty-grand-upload.jpg
Bad Vibes Forever,PHONE CALL,"Static, unsure where from but finding this kinda stuff is like damn near impossible.",Unknown,,,Front Cover,Yes,/xgold/art/phone-call.jpg
Bad Vibes Forever,NOBODYS MIX (12/24/14),,,,,Front Cover,Yes,/xgold/art/nobodys-mix-12-24-14.jpg
Bad Vibes Forever,"Elephant In The Room (acoustic)",Photo of X's elephant neck tattoo.,XXXTENTACION,,,Front Cover,Yes,/xgold/art/elephant-in-the-room-acoustic.jpg
Bad Vibes Forever,Look At Me! (Re-release),,,,,Front Cover,Yes,/xgold/art/look-at-me-re-release.jpg
Members Only Vol. 3,Members Only Vol. 3,,Dylan Noir,,,Front Cover,Yes,/xgold/art/members-only-vol-3.jpg
Members Only Vol. 3,WHAT IN XXXTARNATION,,,,,Front Cover,Yes,/xgold/art/what-in-xxxtarnation.jpg
Members Only Vol. 3,Gospel,,,,,Front Cover,Yes,/xgold/art/gospel.jpg
Members Only Vol. 3,looking for a star,,,,,Front Cover,Yes,/xgold/art/looking-for-a-star.jpg
Members Only Vol. 3,i spoke to the devil in miami (YXXXNZ flip),Cover art for i spoke to the devil in miami (YXXXNZ flip). Image of YXXXNZ with an altered hue.,YXXXNZ,,,Front Cover,Yes,/xgold/art/i-spoke-to-the-devil-in-miami-yxxxnz-flip.jpg
Members Only Vol. 3,Revenge,,,,,Front Cover,Yes,/xgold/art/revenge.jpg
Members Only Vol. 3,"CRUCIFY THY INFANT, SON OF WHORE",,,,,Front Cover,Yes,/xgold/art/crucify-thy-infant-son-of-whore.jpg
Members Only Vol. 3,garette's REVENGE,,,,,Front Cover,Yes,/xgold/art/garette-s-revenge.jpg
Members Only Vol. 3,Str8 Shot,,,,,Front Cover,Yes,/xgold/art/str8-shot.jpg
Members Only Vol. 3,Off The Wall!,,,,,Front Cover,Yes,/xgold/art/off-the-wall.jpg
17,H2O (Album Version),,,,,Front Cover,Yes,/xgold/art/h2o-album-version.jpg
17,H2O (Album Version) [Cover 2],,,,,Front Cover,Yes,/xgold/art/h2o-album-version-cover-2.jpg
17,"Uh, Oh, Thots! (Remix)",,,,,Front Cover,Yes,/xgold/art/uh-oh-thots-remix.jpg
17,"Uh, Oh, Thots! (Remix) [Cover 2]","Same situation as YuNg BrAtZ, The songs cover art was removed and replaced by a gradient",Soundcloud,,,Front Cover,Yes,/xgold/art/uh-oh-thots-remix-cover-2.jpg
17,I WONDER IF BLOODS WATCH BLUE'S CLUES (PATTY CAKE),,,,,Front Cover,Yes,/xgold/art/i-wonder-if-bloods-watch-blue-s-clues-patty-cake.jpg
17,Ok Shorty!,Screenshot of X on facetime with PnB Rock,XXXTENTACION,,,Front Cover,Yes,/xgold/art/ok-shorty.jpg
17,In The End,,,,,Front Cover,Yes,/xgold/art/in-the-end.jpg
17,Roll In Peace,,,,,Front Cover,Yes,/xgold/art/roll-in-peace.jpg
17,Roll In Peace [Cover 2],,,,,Front Cover,Yes,/xgold/art/roll-in-peace-cover-2.jpg
17,fuck love [Alt],"Alternative cover art planned for 17's lead single ""fuck love"".",Empire,,,Front Cover,No,/xgold/art/fuck-love-alt.jpg
17,17,,,,,Front Cover,Yes,https://i1.sndcdn.com/artworks-000239703817-bj42u2-t500x500.jpg
17,17 [CD Cover],,,,,Front Cover,Yes,/xgold/art/17-cd-cover.jpg
17,17 [CD Back Cover],,,,,Back Cover,Yes,/xgold/art/17-cd-back-cover.jpg
UGLY,UGLY,,,,,Front Cover,No,/xgold/art/ugly.jpg
UGLY,UGLY [Full],"Full painting of the cover the scrapped EP ""UGLY"" was gonna have.",,,,Front Cover,No,/xgold/art/ugly-full.jpg
A GHETTO CHRISTMAS CAROL,Show Time,,,,,Front Cover,Yes,/xgold/art/show-time.jpg
A GHETTO CHRISTMAS CAROL,Show Time [Cover 2],"Alternative cover used for ""Show Time"" as Juicy J re-released the track on his album Money Bank in 2020.",,,,Front Cover,Yes,/xgold/art/show-time-cover-2.jpg
A GHETTO CHRISTMAS CAROL,Again,,,,,Front Cover,Yes,/xgold/art/again.jpg
A GHETTO CHRISTMAS CAROL,I'm Yours (Remix),,,,,Front Cover,Yes,/xgold/art/i-m-yours-remix.jpg
A GHETTO CHRISTMAS CAROL,MY GIRL,,,,,Front Cover,Yes,/xgold/art/my-girl.jpg
A GHETTO CHRISTMAS CAROL,Red Light!,Another red square that X used.,Anyone,,,Front Cover,Yes,/xgold/art/red-light.jpg
A GHETTO CHRISTMAS CAROL,May I Flex,Artwork for ,Major Entertainment,,,Front Cover,Yes,/xgold/art/may-i-flex.jpg
A GHETTO CHRISTMAS CAROL,A GHETTO CHRISTMAS CAROL,,XXXTENTACION,,,Front Cover,Yes,/xgold/art/a-ghetto-christmas-carol.jpg
A GHETTO CHRISTMAS CAROL,A GHETTO CHRISTMAS CAROL [Cover 2],,XXXTENTACION,,,Front Cover,Yes,/xgold/art/a-ghetto-christmas-carol-cover-2.jpg
?,Again (Alan Waker Remix),,,,,Front Cover,Yes,/xgold/art/again-alan-waker-remix.jpg
?,"#PROUDCATOWNER #IHATERAPPERS #IEATPUSSY
",Photo of X and his cat with a Snorlax plush.,XXXTENTACION,,,Front Cover,Yes,/xgold/art/proudcatowner-ihaterappers-ieatpussy.jpg
?,"THE BOY WITH THE BLACK EYES ",,,,,Front Cover,Yes,/xgold/art/the-boy-with-the-black-eyes.jpg
?,THE BOY WITH THE BLACK EYES [Cover 2],,,,,Front Cover,Yes,/xgold/art/the-boy-with-the-black-eyes-cover-2.jpg
?,THE BOY WITH THE BLACK EYES [Cover 3],,,,,Front Cover,Yes,/xgold/art/the-boy-with-the-black-eyes-cover-3.jpg
?,"Shining Like the Northstar",,,,,Front Cover,Yes,/xgold/art/shining-like-the-northstar.jpg
?,$aUcE!,,,,,Front Cover,Yes,/xgold/art/auce.jpg
?,Banded Up,,,,,Front Cover,Yes,/xgold/art/banded-up.jpg
?,Banded Up [Cover 2],,,,,Front Cover,Yes,/xgold/art/banded-up-cover-2.jpg
?,HOPE,,,,,Front Cover,Yes,/xgold/art/hope.jpg
?,?,,Dylan Noir,,,Front Cover,Yes,/xgold/art/.jpg
?,? [Back Cover],Back cover featuring the tracklist. ,Dylan Noir,,,Back Cover,Yes,/xgold/art/back-cover.png
?,? [Pre-Order Promo Gif],Promo gif used for when ? was out for Pre Order.,Dylan Noir,,,Other,Yes,/xgold/art/pre-order-promo-gif.gif
?,? [Out Now Promo Gif],Promo gif used for when ? was released.,Dylan Noir,,,Other,Yes,/xgold/art/out-now-promo-gif.gif
?,King's Dead (Freestyle),,,,,Front Cover,Yes,/xgold/art/king-s-dead-freestyle.jpg
SKINS,hearteater,,,,,Front Cover,Yes,/xgold/art/hearteater.jpg
SKINS,Trust Me,,,,,Front Cover,Yes,/xgold/art/trust-me.jpg
SKINS,Trust Me [Cover 2],,,,,Front Cover,Yes,/xgold/art/trust-me-cover-2.jpg
SKINS,GHOST BUSTERS,,,,,Front Cover,Yes,/xgold/art/ghost-busters.jpg
SKINS,I WONDER IF BLOODS WATCH BLUES CLUES & PATTY CAKE (Re-release),,,,,Front Cover,Yes,/xgold/art/i-wonder-if-bloods-watch-blues-clues-patty-cake-re-release.jpg
SKINS,Voss,,,,,Front Cover,Yes,/xgold/art/voss.jpg
SKINS,Voss [Cover 2],,,,,Front Cover,Yes,/xgold/art/voss-cover-2.jpg
SKINS,I Want You,,,,,Front Cover,Yes,/xgold/art/i-want-you.jpg
SKINS,Falling Down,,,,,Front Cover,Yes,/xgold/art/falling-down.jpg
SKINS,Falling Down [Cover 2],,,,,Front Cover,Yes,/xgold/art/falling-down-cover-2.jpg
SKINS,Don't Cry,,,,,Front Cover,Yes,/xgold/art/don-t-cry.jpg
SKINS,Don't Cry [Cover 2],,,,,Front Cover,Yes,/xgold/art/don-t-cry-cover-2.jpg
SKINS,Arms Around You,,,,,Front Cover,Yes,/xgold/art/arms-around-you.jpg
SKINS,Arms Around You (ORIGINAL),,,,,Front Cover,Yes,/xgold/art/arms-around-you-original.jpg
SKINS,BAD!,,,,,Front Cover,Yes,/xgold/art/bad.jpg
SKINS,SKINS ,,TNMVS,,,Front Cover,Yes,/xgold/art/skins.jpg
SKINS,SKINS [Back Cover],,,,,Back Cover,Yes,/xgold/art/skins-back-cover.jpg
SKINS,SKINS [Cover 2],,,,,Front Cover,No,/xgold/art/skins-cover-2.png
SKINS,SKINS [Cover 3],,,,,Front Cover,No,/xgold/art/skins-cover-3.jpg
SKINS,SKINS [Cover 4],,,,,Front Cover,No,/xgold/art/skins-cover-4.jpg
SKINS,Scared Of The Dark,,,,,Front Cover,Yes,/xgold/art/scared-of-the-dark.jpg
Members Only Vol. 4,Uptown / Bustdown,,,,,Front Cover,Yes,/xgold/art/uptown-bustdown.jpg
Members Only Vol. 4,Members Only Vol. 4,,Fred Lozano Jr. & Max Cohen,,,Front Cover,Yes,/xgold/art/members-only-vol-4.jpg
? (Deluxe),Backstroke [Streaming Cover],,,,,Front Cover,Yes,/xgold/art/backstroke-streaming-cover.jpg
? (Deluxe),MIDDLE CHILD,,,,,Front Cover,Yes,/xgold/art/middle-child.jpg
? (Deluxe),RUN IT BACK!,,,,,Front Cover,Yes,/xgold/art/run-it-back.jpg
? (Deluxe),RUN IT BACK! [Cover 2],,,,,Front Cover,Yes,/xgold/art/run-it-back-cover-2.jpg
? (Deluxe),"Falling Down (Travis Barker Remix)",,,,,Front Cover,Yes,/xgold/art/falling-down-travis-barker-remix.jpg
? (Deluxe),Royalty ,Cover art for Royalty. Uses X's signature hand with the Jamaican flag overlayed onto it.,Dylan Noir,,,Front Cover,Yes,/xgold/art/royalty.jpg
? (Deluxe),Ready Set Go & XXXTENTACION INTERLUDE,,,,,Front Cover,Yes,/xgold/art/ready-set-go-xxxtentacion-interlude.jpg
? (Deluxe),? (Deluxe),,,,,Front Cover,Yes,/xgold/art/deluxe.jpg
? (Deluxe),? (Deluxe) [Spotify Promo],Art used for promoting the release of ? (Deluxe) on Spotify.,EMPIRE,,,Other,Yes,/xgold/art/deluxe-spotify-promo.jpg
Bad Vibes Forever (2019),HEARTEATER,,,,,Front Cover,Yes,/xgold/art/hearteater.jpg
Bad Vibes Forever (2019),Everything We Need," 
 	
The official artwork for JESUS IS KING is an image of the album's vinyl disc. It features the bright blue hue that has been connected to the album throughout its promotion. This cover has an indirect correlation to some of Ye's previous work, particularly Yeezus. ""AR 1331 A"" is apparently the ""Archer Records (AR) pressing plant code"" assigned to a 1970 Detroit gospel single. However, unlike the original record, the JIK vinyl changed ""45 RPM EP"" to ""33 RPM LP.""",Tessa Mathias,,,Front Cover,Yes,/xgold/art/everything-we-need.jpg
Bad Vibes Forever (2019),VOICES,,,,,Front Cover,Yes,/xgold/art/voices.jpg
Bad Vibes Forever (2019),All For Me,,,,,Front Cover,Yes,/xgold/art/all-for-me.jpg
Bad Vibes Forever (2019),Bad Vibes Forever (2019),,,,,Front Cover,Yes,/xgold/art/bad-vibes-forever-2019.jpg
Bad Vibes Forever (2019),Bad Vibes Forever (2019) [CD Back Cover],,,,,Back Cover,Yes,/xgold/art/bad-vibes-forever-2019-cd-back-cover.jpg
LOOK AT ME: THE ALBUM,Angels 2 Demons (OG REMIX),Cover for JAMN's remix of his 2014 track uses a more edited version of X's XXX (UNMASTERED) cover art.,JAMN,,,Front Cover,Yes,/xgold/art/angels-2-demons-og-remix.jpg
LOOK AT ME: THE ALBUM,Angels 2 Demons (OG REMIX) [Cover 2],Photo of JAMN used for the songs 2nd cover art.,JAMN,,,Front Cover,Yes,/xgold/art/angels-2-demons-og-remix-cover-2.jpg
LOOK AT ME: THE ALBUM,Get Outta My Head,"The cover art for Funeral shows the title in a distinct typeface to create an ambigram—an image meant to be viewed at two different angles. If you rotate the image 180°, the letters form “Lil Wayne”:",Lil Wayne,,,Front Cover,Yes,/xgold/art/get-outta-my-head.jpg
LOOK AT ME: THE ALBUM,Get Outta My Head [Cover 2],"Cover art used for the Deluxe of Lil Wayne's album ""Funeral"".",Lil Wayne,,,Front Cover,Yes,/xgold/art/get-outta-my-head-cover-2.jpg
LOOK AT ME: THE ALBUM,Get Outta My Head [Cover 3],"An alternative cover art used for Lil Wayne's EP ""Funeral Features"".",Lil Wayne,,,Front Cover,Yes,/xgold/art/get-outta-my-head-cover-3.jpg
LOOK AT ME: THE ALBUM,School Shooters (Remix),Cover art used for Kemba's remix of School Shooters has X in the cover art.,Kemba,,,Front Cover,Yes,/xgold/art/school-shooters-remix.jpg
LOOK AT ME: THE ALBUM,"RIOT (Re-release)
",Cover art for RIOT that was briefly used before being changed to the one we know.,EMPIRE,,,Front Cover,No,/xgold/art/riot-re-release.jpg
LOOK AT ME: THE ALBUM,RIOT (Re-release) [Cover 2],"Cover art for the re-release of ""RIOT"". Uses an image of X from the ""Look At Me/RIOT"" music video.",EMPIRE,,,Front Cover,Yes,/xgold/art/riot-re-release-cover-2.jpg
LOOK AT ME: THE ALBUM,Jugg Walk (Re-release),Cover art used for the release of Jugg Walk! by GRIMMDoza.,GRIMMDoza,,,Front Cover,Yes,/xgold/art/jugg-walk-re-release.jpg
LOOK AT ME: THE ALBUM,Vice City - NFT Release,"Stephen Bliss rework of the cover art for the 2014 track ""Vice City"". Used in the NFT release.",Stephen Bliss,,,Front Cover,Yes,/xgold/art/vice-city-nft-release.jpg
LOOK AT ME: THE ALBUM,#IMSIPPINTEAINYOHOOD - NFT Release,"Stephen Bliss rework of the cover art for the 2016 track ""YuNg BrAtZ"". Used in the NFT release.",Stephen Bliss,,,Front Cover,Yes,/xgold/art/imsippinteainyohood-nft-release.jpg
LOOK AT ME: THE ALBUM,News/Flock - NFT Release,"Stephen Bliss rework of the cover art for the 2013 track ""News/Flock"". Used in the NFT release.",Stephen Bliss,,,Front Cover,Yes,/xgold/art/news-flock-nft-release.jpg
LOOK AT ME: THE ALBUM,i spoke to the devil in miami - NFT Release,"Stephen Bliss rework of the cover art for the 2016 track ""i spoke to the devil in miami"". Used in the NFT release.",Stephen Bliss,,,Front Cover,Yes,/xgold/art/i-spoke-to-the-devil-in-miami-nft-release.jpg
LOOK AT ME: THE ALBUM,Let's Pretend We're Numb - NFT Release,"Stephen Bliss rework of the cover art for the 2015 track ""Let's Pretend We're Numb"". Used in the NFT release.",Stephen Bliss,,,Front Cover,Yes,/xgold/art/let-s-pretend-we-re-numb-nft-release.jpg
LOOK AT ME: THE ALBUM,DANNY PHANTOM,"This is the official cover for TRIP AT KNIGHT, Trippie Redd’s fifth studio album and long-awaited sequel to LIFE’S A TRIP, his 2018 debut studio album. It was designed and created by Stephen Gibb who also did the LIFE’S A TRIP cover art.",Stephen Gibb,,,Front Cover,Yes,/xgold/art/danny-phantom.jpg
LOOK AT ME: THE ALBUM,Donda 2,"This promotional cover for Donda 2 was used for the announcement of the record’s listening party at the LoanDepot Park stadium in Miami on February 22nd 2022. The artwork was posted on Kanye West’s Instagram on February 12th 2022. Much like the first promotional cover, the image shows Kanye’s Chicago South Shore childhood home burning down in a billboard, but in a dark background.",,,,Front Cover,Yes,/xgold/art/donda-2.jpg
LOOK AT ME: THE ALBUM,MAY I,"Image of X, Ski Mask The Slump God & Robb Bank$ used for the single release of ""MAY I"".",Robb Bank$,,,Front Cover,Yes,/xgold/art/may-i.jpg
LOOK AT ME: THE ALBUM,MAY I [Cover 2],"Album art for Robb Bank$' FALCONIA which featured ""MAY I"" as a track.",Robb Bank$,,,Front Cover,Yes,/xgold/art/may-i-cover-2.jpg
LOOK AT ME: THE ALBUM,XXXTENTACION x Juice WRLD,Image of Juice WRLD's and X's face mashed together posted to Instagram to seemingly promote a new single between the two.,Columbia Records,,,Front Cover,Yes,/xgold/art/xxxtentacion-x-juice-wrld.jpg
LOOK AT ME: THE ALBUM,True Love [Cover Mockups],"Cover ideas made by Henock Sileshi. The name's of Ye's children and XXXTENTACION's child can be seen, showing the tracks theme of family. ",Henock Sileshi,,,Other,Yes,/xgold/art/true-love-cover-mockups.png
LOOK AT ME: THE ALBUM,True Love,"This is the cover for Donda 2’s lead single, “True Love,” Kanye West’s collaboration with XXXTENTACION. As revealed by Variety, the artwork, designed by Ye, portrays X’s handwritten notes from a journal found by his mother, Cleopatra Bernard. The passionate phrases fit the theme of “True Love,” as both artists share the complications behind loving their close ones.",Kanye West,,,Front Cover,Yes,/xgold/art/true-love.jpg
LOOK AT ME: THE ALBUM,LOOK AT ME: THE ALBUM,"The cover artwork of the compilation album features one of the most infamous photos of X, captured on May 6th, 2017 at the Rolling Loud performance. The original image was also used as X's Gmail profile picture.",Columbia Records,,,Front Cover,Yes,/xgold/art/look-at-me-the-album.jpg
LOOK AT ME: THE ALBUM,LOOK AT ME: THE ALBUM [Back Cover],"This is the tracklist for disc one of this album, titled “LOOK AT ME THEN.” This features previously released songs that are now only to be found on SoundCloud or YouTube.",Columbia Records,,,Back Cover,Yes,/xgold/art/look-at-me-the-album-back-cover.jpg
LOOK AT ME: THE ALBUM,LOOK AT ME: THE ALBUM [Back Cover 2],"This is the tracklist for disc two of this album, titled “LOOK AT ME NOW.” This features commercially available songs that have already been released.",Columbia Records,,,Back Cover,Yes,/xgold/art/look-at-me-the-album-back-cover-2.jpg
LOOK AT ME: XXXTENTACION,Toxic,Image used for the Toxic Bandlab challenge to help promote the documentary “Look At Me: XXXTENTACION“ and its bonus companion piece “In His Own Words: XXXTENTACION“.,Fader,,,Front Cover,Yes,/xgold/art/toxic.jpg
LOOK AT ME: XXXTENTACION,#TOXICbyXXX,Image used for the Toxic Bandlab challenge blog page.,Fader,,,Other,Other,/xgold/art/toxicbyxxx.jpg
LOOK AT ME: XXXTENTACION,Again (Sped Up),Cover art used for the Sped Up version of the track. is slightly different from the original one.,Noah Cyrus,,,Front Cover,Yes,/xgold/art/again-sped-up.jpg
LOOK AT ME: XXXTENTACION,Look at Me: XXXTentacion (Original Score),Album art used for the orginal score to accompany the Look At Me Documentary. Image would later be used in the Toxic cover art.,Fader,,,Front Cover,Yes,/xgold/art/look-at-me-xxxtentacion-original-score.jpg
Ongoing,I'm Not Human,Artwork is in the style of most of Dylan and X's work. Features a collage of X & Lil Uzi Vert images very reminiscent of the Members Only Vol. 3 cover.,Dylan Noir,,,Front Cover,Yes,/xgold/art/i-m-not-human.jpg
Ongoing,I'm Not Human [Cover 2],Almost identical artwork except for the removal of the text in the bottom right. Was only temporarily used in the Soundcloud re-release.,Dylan Noir,,,Front Cover,Yes,/xgold/art/i-m-not-human-cover-2.jpg
Ongoing,ItWasntEnough (Re-release) [Tracklist],"Tracklist used to promote the re-release of the 2016 EP ""ItWasntEnough"".",Columbia Records,,,Back Cover,No,/xgold/art/itwasntenough-re-release-tracklist.jpg
Ongoing,ItWasntEnough (Re-release) [Tracklist 2],Alt version of the tracklist used when the EP released.,Columbia Records,,,Back Cover,No,/xgold/art/itwasntenough-re-release-tracklist-2.jpg
Ongoing,EMOJI ,Text messages between X & RONNY J. Used for the single release of EMOJI by RONNY J.,RONNY J,,,Front Cover,Yes,/xgold/art/emoji.jpg
Ongoing,EMOJI [Cover 2],"Cover art for RONNY J's ""CHARGED UP"" album that featured the track EMOJI.",RONNY J,,,Front Cover,Yes,/xgold/art/emoji-cover-2.jpg
Ongoing,X & CUD,"Cover art for Kid Cudi's album ""INSANO"". This cover features a very out-of-this-world, trippy, abstract digital painting using plenty of vivid bright colors with shading in different spots with lines scattered throughout forming a lightning-like pattern, making for an insane album cover that truly stands out.",KAWS,,,Front Cover,Yes,/xgold/art/x-cud.jpg
Ongoing,X & CUD [Cover 2],Same cover art but without the Parental Advisory picture on it.,KAWS,,,Front Cover,Yes,/xgold/art/x-cud-cover-2.jpg
Ongoing,Danny Phantom (Sped Up),"Cover art for the Sped Up version of ""Danny Phantom"".",10X,,,Front Cover,Yes,/xgold/art/danny-phantom-sped-up.jpg
Ongoing,Jah's Interlude,"Official cover art for Ski Mask The Slump God"" album ""11th Dimension"".",Ski Mask The Slump God,,,Front Cover,Yes,/xgold/art/jah-s-interlude.jpg
Ongoing,Teeth (Interlude),Cover art used for the re-release of Teeth (Interlude).,lilmixedhunny,,,Front Cover,Yes,/xgold/art/teeth-interlude.jpg
Ongoing,whoa (mind in awe) (Remix),Official cover art for the whoa (mind in awe) (Remix) featuring Juice WRLD.,,"May 30, 2025",,Front Cover,Yes,/xgold/art/whoa-mind-in-awe-remix.jpg
Ongoing,Ski Mask The Slump God - IWATCHEDHIMDROWN,"Official cover of the re-release of Ski Mask The Slump God's ""IWATCHEDHIMDROWN"". Cover is different from the original release.",,"May 30, 2025",,Front Cover,Yes,/xgold/art/ski-mask-the-slump-god-iwatchedhimdrown.jpg
Ongoing,Ski Mask The Slump God - Broly,"Official cover of the re-release of Ski Mask The Slump God's ""Broly"" which is just the Members Only Vol. 2 cover art.",,"May 30, 2025",,Front Cover,Yes,/xgold/art/ski-mask-the-slump-god-broly.jpg
Ongoing,Juice WRLD - The Way,"The “Legends never die” original cover but, with some slight color changes compared to the original and made to look like it’s made from heaven.",,"July 11, 2025",,Front Cover,Yes,/xgold/art/juice-wrld-the-way.jpg
Ongoing,Ski Mask The Slump God - The Lost Files,,,"July 30, 2025",,Front Cover,Yes,/xgold/art/ski-mask-the-slump-god-the-lost-files.jpg
