Era,Name,Notes,Designer,Art Type,Image,Project Type,Use,Link(s),Type,Used?
Aviation Class, TOO FLY KID,unknown purpose,,,,,,https://imgur.com/a/HrguQkt,Unknown,Unknown
Killing Me Softly,???,"One of the $ir Cartier covers was Carti in a gas mask. Prolly from Killing Me Softly era, cause we dont have many singles from this era.",,,,,,https://i.ibb.co/Jj60SPJm/image.png,Album Cover,Yes
Killing Me Softly,Killing Me Softly,"Coverart for Carti's 2010 or 2011 project ""Killing Me Softly. The album uses the same image as it’s cover as Nas’s NASIR, even though the album was concieved 6 years before NASIR.",,,,,,https://yungcarti.tumblr.com/image/4992098042,Album Cover,Yes
THC: The High Chronical$,The High Chronicals,"The art for Playboi Carti's (then known as $ir Cartier) mixtape ""The High Chronicals""",,,,,,https://imgur.com/6q1dUzi,Album Cover,Yes
THC: The High Chronical$,Living Reckless,Cover of Living Reckless,,,,,,https://imgur.com/a/TsdiPry,Single Art,Yes
THC: The High Chronical$,Carolina Blue [OG Cover],"Carolina Blue's OG Cover without any edits, found in Carti's Tumblr.",,,,,,https://yungcarti.tumblr.com/post/16736117122,Single Art,No
THC: The High Chronical$,Carolina Blue sir cartier,Coverart for Carolina Blue,,,,,,https://www.tumblr.com/yungcarti/28800670244/click-photo-to-listen,Single Art,Yes
Kream,Sir Cartier - Carolina Blue (chopped n screwed by A$3 CliChe),Cover art for Sir Cartier - Carolina Blue ( chopped n screwed by A$3 CliChe ) Cover art made by @DiamondsnCaviar,,,,,,https://imgur.com/a/ZlxOWGx,Single Art,Yes
Kream,Kream,Coverart for Kream. The project later evolved into Young Mi$fit.,,,,,,https://www.tumblr.com/yungcarti/27219823849/sir-cartier?source=share,Album Cover,No
Kream,Blue Crystals,Coverart for Blue Crystals,,,,,,https://www.tumblr.com/yungcarti/33237590308/download-new-song-from-ir-cartier-x-sean-frizz-x,Single Art,Yes
Kream,Blue Crystals,Alternate cover posted on a now hacked Soundcloud page,,,,,,https://imgur.com/a/DKbRXwe,Single Art,Yes
Young Mi$fit,Sir Cartier [YT profile picture],Carti officially posted his new profile picture in 2012 on his TUMBLR.,,,,,,https://www.tumblr.com/yungcarti/34500291143/ir-cartier,Other,Yes
Young Mi$fit,$teeze,Single art for $teeze,,,,,,https://64.media.tumblr.com/tumblr_m851q8CZLr1qfnd2oo1_500.jpg,Single Art,Yes
Young Mi$fit,Promo for $TEEZE,"Promo for when $TEEZE dropped, found in Carti's Tumblr.",,,,,,https://yungcarti.tumblr.com/post/28801702007/httplimelinxcomdyqj3,Poster,Yes
Young Mi$fit,TFZ,Logo of Carti's & his friends primary collective called TFZ (The Fucking Zombies),,,,,,https://imgur.com/a/kJeae0J,Logo,Yes
Young Mi$fit,Young Mi$fit [OG Cover],OG cover for Young Mi$fit,,,,,,https://www.tumblr.com/yungcarti/34903727229/young-mi-fit-very-soon,Album Cover,No
Young Mi$fit,Young Mi$fit [OG Cover],This cover was also used as Carti's (yungcarti)Tumblr avatarImage Taken 8.30.14,,,,,,https://static.tumblr.com/87fe16deaf044af59c4c1bb282b4563d/gp8tyvo/KLknb96gp/tumblr_static_33frjclu8pog0ckg4wwwwwc4g.jpg,Album Cover,No
Young Mi$fit,Young Mi$fit,"The art for Playboi Carti's (then known as $ir Cartier) mixtape ""Young Mi$fit""",,,,,,https://yungcarti.tumblr.com/post/35510686793/new-mixtape-from-ir-cartier-click-photo-to,Album Cover,Yes
Young Mi$fit,Young Mi$fit,"The back art for Playboi Carti's (then known as $ir Cartier) mixtape ""Young Mi$fit""",,,,,,https://t2.genius.com/unsafe/883x0/https%3A%2F%2Fimages.genius.com%2Ff4eda2f3fd0f5d61815e81f1bfd6463d.500x500x1.png,Album Cover,No
Young Mi$fit,36ILLVILLIAN$,Single art for 36ILLVILLIAN$. ,,,,,,https://www.tumblr.com/yungcarti/41526780521/li-ten-now,Single Art,Yes
Young Mi$fit,Promo for Zombie Night,Promo for TFZ's Zombie Night found in Carti's Tumblr.,,,,,,https://yungcarti.tumblr.com/post/33237577277/tfz-brainclub-10-x-27-x-12,Poster,Yes
Young Mi$fit,Promo for Zombie Night,Promo for TFZ's Zombie Night found in his friend's Tumblr.,,,,,,https://64.media.tumblr.com/tumblr_mbmy6zF49Z1qfnd2oo1_640.jpg,Poster,Yes
Young Mi$fit,Zombie$,Coverart for Zombie$,,,,,,https://www.tumblr.com/yungcarti/42241062926?source=share,Single Art,Yes
Sen$ation,For My Set,Single art for For My Set,,,,,,https://imgur.com/a/dFM8w6i,Single Art,Yes
Sen$ation,OUTCHEA, Single art for Outchea,,,,,,https://imgur.com/a/RZDTYqb,Single Art,Yes
Sen$ation,H2O,Single art for H2O,,,,,,https://imgur.com/a/EfkIIOd,Single Art,Yes
Sen$ation,Terror Shit,Single art for Terror Shit,,,,,,https://imgur.com/a/O3cBtpj,Single Art,Yes
Sen$ation,$ensation [OG Cover],Cover for $ensation's Music Video,,,,,,https://yungcarti.tumblr.com/post/46547701177/tonight-930-carti-outchea-music-video,Album Cover,No
Sen$ation,$ensation,"Coverart for $ensation. Uses the ""Pricedown"" font (or GTA font)",,,,,,https://yungcarti.tumblr.com/post/56500225020,Album Cover,Yes
Sen$ation,10kk A Couple Thousand$ For The Hoe$,Cover art for 10kk A Couple Thousand$ For The Hoe$,,,,,,https://imgur.com/a/wA1jxR6,Single Art,Yes
death in tune,YUNGXANHOE,Single art for YUNGXANHOE,,,,,,https://imgur.com/a/pwukY7p,Single Art,Yes
death in tune,Heavy,Single art for Heavy,,,,,,https://imgur.com/a/lcyQLue,Single Art,Yes
death in tune,Know Nothing Presents Frank Whitelemon sits down with Playboi Carti,Art for first Carti Interview ever with Frankwhitelemon,,,,,,https://imgur.com/a/H9Ot3Ej,Other,Yes
death in tune,Holyfield,Single art for Holyfield. ,,,,,,https://64.media.tumblr.com/f284b283249d03f36bf2a28c6c207a91/tumblr_n34gd5kEkv1qfnd2oo1_500.jpg,Single Art,Yes
death in tune,Various,"The art for a few of Playboi Carti's SoundCloud singles including ""YUNGXANHOE"", ""Heavy"", ""Talk"", ""#PRAY #4 #ME"", ""Smash"", ""Smash Pt. 2"" & ""Chill Freestyle"".",,,,,,https://imgur.com/n8f6NOq,Single Art,Yes
death in tune,YUNGXANHOE [3rd Cover],3rd cover art for YUNGXANHOE,,,,,,https://imgur.com/a/Pu5vZuM,Single Art,Yes
death in tune,Bag Interlude,"The art for Playboi Carti's released song ""Bag Interlude"".",,,,,,https://imgur.com/WD7C5Ld,Single Art,No
death in tune,Lost,Single art for Lost,,,,,,https://imgur.com/a/wjeoAqV,Single Art,Yes
death in tune,Southside Freestyle,Single art for Southside Freestyle,,,,,,https://imgur.com/a/wYdvKXU,Single Art,Yes
death in tune,Pray4Me/Sauce,Single art used for #Pray #4 #Me and Sauce. This cover was also used by Carti as a profile picture for his Tumblr account,,,,,,https://open.spotify.com/album/6aNvYB45feYv7pKEpyXTSm?si=lM7_B4o6Sk-1UBOxlhuscg,Single Art,Yes
death in tune,I GOT ///ÐЄPRЄ$$ЄÐ+ĦØЄ$///,Single art for Slug † Christ – I GOT ///ÐЄPRЄ$$ЄÐ+ĦØЄ$///  feat. Playboi Carti,,,,,,https://imgur.com/a/l8IsNcj,Feature,Yes
death in tune,By Myself / No Help [OG cover],OG cover of By myself / No Help,,,,,,https://imgur.com/a/5zTK3gA,Single Art,Yes
death in tune,By Myself / No Help,"The art to Playboi Carti's single ""By Myself / No Help"".",,,,,,https://imgur.com/dP0bnho,Single Art,Yes
death in tune,Pollari - FeFe ,Single art for Pollari - FeFe feat. Playboi Carti,,,,,,https://imgur.com/a/lcRw0fn,Feature,Yes
death in tune,Pollari - FeFe [Alt],Alt single art for Pollari - FeFe feat. Playboi Carti,,,,,,https://imgur.com/a/ylRZEaB,Feature,Unknown
death in tune,Smash,Single art for Smash,,,,,,https://imgur.com/a/hURpeGY,Single Art,Yes
death in tune,Smash [2nd cover],2nd cover for Smash,,,,,,https://imgur.com/a/y5pWpF3,Single Art,Yes
death in tune,Smash Pt. 2,Single art for Smash Pt. 2,,,,,,https://imgur.com/a/fsoRpst,Single Art,Yes
death in tune, Smash Pt. 2 [2nd cover],2nd cover for Smash Pt. 2,,,,,,https://imgur.com/a/zj6ijze,Single Art,Yes
death in tune,Mercedez,Single art for Mercedez,,,,,,https://imgur.com/a/xHiupki,Single Art,Yes
death in tune,How Could I Worry [OG],OG cover of How Could I Worry,,,,,,https://imgur.com/a/P0Bq8HH,Single Art,Yes
death in tune,How Could I Worry,Single art for How Could I Worry,,,,,,https://imgur.com/a/IWZoG2f,Single Art,Yes
death in tune,Chill freestyle,Single art for Chill freestyle,,,,,,https://imgur.com/a/9OTwdPv,Single Art,Yes
death in tune,Broke Boi [2nd cover],2nd cover of Broke Boi,,,,,,https://imgur.com/a/WslrrPk,Single Art,Yes
death in tune,Fetti(with Da$h & Maxo Kream),"The art to Playboi Carti, Da$h & Maxo Kream's single ""Fetti"".",,,,,,https://imgur.com/WOWl3dv,Single Art,Yes
death in tune,Luh da feelin,Single art for Playboi Carti & Slug Christ - Luh da feelin,,,,,,https://imgur.com/a/dQoIfc2,Single Art,Yes
death in tune,Death In Tune,"The art to Playboi Carti's EP ""Death In Tune"".",,,,,,https://imgur.com/a/4ejXs2b,Single Art,Yes
Cash Carti The Mixtape,4tspoon,Single art for Yung Bans - 4tspoon feat. Playboi Carti,,,,,,https://imgur.com/a/31bVtKz,Feature,Yes
Cash Carti The Mixtape,Whole Thang,UnoTheActivist - Whole Thang feat. Playboi Carti,,,,,,https://imgur.com/a/IkfJnqS,Feature,Yes
Cash Carti The Mixtape,Come here,Single art for Ethereal - Come here feat. Playboi Carti,,,,,,https://imgur.com/a/KfPotaK,Feature,Yes
Cash Carti The Mixtape,Robber,Single art for Robber,,,,,,https://imgur.com/a/qirlwgv,Single Art,Yes
Cash Carti The Mixtape,Wit The Fanta LSD II,Single art for Cultie - Wit The Fanta LSD II feat. Playboi Carti,,,,,,https://imgur.com/a/VnC8iJ1,Feature,Yes
Cash Carti The Mixtape,Wit The Fanta LSD II [2nd cover],2nd cover art for Cultie - Wit The Fanta LSD II feat. Playboi Carti ,,,,,,https://imgur.com/a/MaSdQZJ,Feature,Yes
Cash Carti The Mixtape,Peepin,Single art for Gucci Mane - Peepin feat. Playboi Carti & 21 savage,,,,,,https://imgur.com/a/cwr0Vdr,Feature,Yes
Cash Carti The Mixtape,TALK (ICYTWAT Remix),Single art for Playboi Carti - Talk (ICYTWAT Remix),,,,,,https://imgur.com/a/YEMZiPg,Single Art,Yes
Cash Carti The Mixtape,TALK (ICYTWAT Remix) Alt,Single alternate art for Playboi Carti - Talk (ICYTWAT Remix),,,,,,https://imgur.com/a/0U82JAF,Single Art,Yes
Cash Carti The Mixtape,The Omen,"The art to Playboi Carti's single ""The Omen"".",,,,,,https://imgur.com/a/bP2ZkR4,Single Art,Yes
Cash Carti The Mixtape,Milkshake (Remix),"The art to Playboi Carti's single ""Milkshake (Remix)"".",,,,,,https://imgur.com/3GeetQ0,Single Art,Yes
Cash Carti The Mixtape,Don't Tell Nobody,"The art to Playboi Carti's single ""Don't Tell Nobody"".",,,,,,https://imgur.com/b1xzOYu,Single Art,Yes
Cash Carti The Mixtape,Ohh,Single art for Playboi Carti - Ohh ,,,,,,https://imgur.com/a/sJWYcRA,Single Art,Yes
Cash Carti The Mixtape,Ohh [Alt],Alt single art for Playboi Carti - Ohh,,,,,,https://imgur.com/a/4CYtiOp,Single Art,Yes
Cash Carti The Mixtape,What We Doin' [Alt], Alt single art for Playboi Carti - What We Doin',,,,,,https://imgur.com/a/CvWd4ul,Single Art,Yes
Cash Carti The Mixtape,What We Doin',Single art for Playboi Carti - What We Doin',,,,,,https://imgur.com/a/BEFLRxC,Single Art,Yes
Cash Carti The Mixtape,Fake AF - Remix,Single art for Father - Fake AF - Remix feat. Playboi Carti,,,,,,https://imgur.com/a/dLmR7aq,Feature,Yes
Cash Carti The Mixtape,Beef,Single art for Ethereal - Beef feat. Playboi Carti,,,,,,https://imgur.com/a/ULaDjFe,Feature,Yes
Cash Carti The Mixtape,Splur Gang,Single art for Playboi Carti - Splur Gang feat. UnoTheActivist & ThouxanbandFouni,,,,,,https://imgur.com/a/ZfDC6iY,Single Art,Yes
Cash Carti The Mixtape,2DOOR,Single art for LAMB$ & TrapMoneyBenny  - 2DOOR  feat. Playboi Carti,,,,,,https://imgur.com/a/sFzE1h2,Feature,Yes
Cash Carti The Mixtape,Just a Dream,Single art for Brandon Thomas - Just a dream feat. Playboi Carti and ManMan Savage,,,,,,https://imgur.com/a/NvEzy2L,Feature,Yes
Cash Carti The Mixtape,Every Since,Single art for Playboi Carti - Every Since feat. UnoTheActivist & ThouxanbandFouni,,,,,,https://imgur.com/a/pFL3OVV,Single Art,Yes
Cash Carti The Mixtape,Purple Pool,Single art for Neako - Purple Pool feat. Playboi Carti,,,,,,https://imgur.com/a/GQLrzcV,Feature,Yes
Cash Carti The Mixtape,Too Much Dope,Single art for KEY! - Too Much Dope feat. Playboi Carti,,,,,,https://imgur.com/a/aywnqPY,Feature,Yes
Cash Carti The Mixtape,Paper,Single art for Playboi Carti - Paper,,,,,,https://imgur.com/a/qepBFDJ,Single Art,Yes
Cash Carti The Mixtape,UnoTheActivist - Ever Since(feat Playboi Carti & Thouxanbanfauni),Single art for Ever since,,,,,,https://imgur.com/a/3Z0wVA2,Single Art,Yes
Cash Carti The Mixtape,PLAYBOIFRE$H FREESTYLE,Single art for Playboi Carti - PLAYBOIFRE$H FREESTYLE,,,,,,https://imgur.com/a/go0Gk5l,Single Art,Yes
Cash Carti The Mixtape,Plug,Single art for Rich The Kid - Plug feat. Playboi Carti,,,,,,https://imgur.com/a/LuTkKvC,Feature,Yes
Cash Carti The Mixtape,Sneak Dissin',Single art for Playboi Carti - Sneak Dissin',,,,,,https://imgur.com/a/4XKQey1,Single Art,Yes
Cash Carti The Mixtape,Dem Callin',Single art for Ramriddlz - Dem Callin'  feat. Playboi Carti,,,,,,https://imgur.com/a/h3Yx7Rg,Feature,Yes
Cash Carti The Mixtape,4 The People,Single art for Ethereal - 4 The People feat. Playboi Carti,,,,,,https://imgur.com/a/jqsJZo6,Feature,Yes
Cash Carti The Mixtape,Run It,Single art for Digital Nas - Run It feat.  Playboi Carti & Lil Yachty ,,,,,,https://imgur.com/a/8ndjwec,Feature,Yes
Ca$h Carti Season,Snow,Single art for Kewbrik - Snow feat. Playboi Carti & Dantes,,,,,,https://imgur.com/a/UqAljqJ,Feature,Yes
Ca$h Carti Season,3 Chains,Single art for 3 chains feat. Rich The Kid,,,,,,https://imgur.com/a/BxRd2hl,Single Art,Yes
Ca$h Carti Season,Left Right, Art for Playboi Carti & Lil Uzi Vert - Left Right single,,,,,,https://imgur.com/a/747PwyV,Single Art,Yes
Ca$h Carti Season,Left Right Tour,Left Right Tour Poster,,,,,,https://imgur.com/a/IYxlCIF,Poster,Yes
Ca$h Carti Season,Left Right Tour,Left Right Tour Poster,,,,,,https://imgur.com/a/xpGtQwv,Poster,Yes
Ca$h Carti Season,WHAT  ,Single art for WHAT feat. UnoTheActivist,,,,,,https://imgur.com/a/xR5LWEh,Single Art,Yes
Ca$h Carti Season,Dallas,Single art for Joey Fatts - Dallas (feat. Playboi Carti),,,,,,https://imgur.com/a/ZrZJZ52,Feature,Yes
Ca$h Carti Season,Ghost,KEY! - Ghost feat. Playboi Carti,,,,,,https://imgur.com/a/Fa3cD9G,Feature,Yes
Ca$h Carti Season,WHAT REMIX,"Single art for Chris Fresh - WHAT REMIX (feat. Playboi Carti, MadeinTYO, Lil Yachty & UnoTheActivist)",,,,,,https://imgur.com/a/TWw6IEM,Feature,Yes
Ca$h Carti Season,4 in da cup,Single art for Teddy - 4 in da cup feat. Playboi Carti,,,,,,https://imgur.com/a/4tVItsO,Feature,Yes
Ca$h Carti Season,Action,Single art for Joey Fatts - Action (feat. Playboi Carti & A$AP Nast),,,,,,https://imgur.com/a/8N5fi8z,Feature,Yes
Ca$h Carti Season,Scope,Single art for ReddSmash - Scope feat. Playboi Carti & ManMan Savage,,,,,,https://imgur.com/a/QOwPVYj,Feature,Yes
Ca$h Carti Season,Hard To Breathe,Single art for Ca$h Out - Hard To Breathe feat. Playboi Carti,,,,,,https://imgur.com/a/J8knGps,Feature,Yes
Ca$h Carti Season,$TEP,Single art for $TEP feat. Yung Gleesh,,,,,,https://imgur.com/a/znQmmDF,Single Art,Yes
Ca$h Carti Season,No Pressure,Single art for Rich The Kid - No Pressure feat. Playboi Carti,,,,,,https://imgur.com/a/G8ZJnXh,Feature,Yes
Ca$h Carti Season,Dumb Hoe,Single art for Jace - Dumb Hoe feat. Playboi Carti,,,,,,https://imgur.com/a/ESJHAKS,Feature,Yes
Ca$h Carti Season,Booted Up,Single art for DJ Twin - Booted Up feat. Playboi Carti & Sean Kingston,,,,,,https://imgur.com/a/7JAr1Nn,Feature,Yes
Ca$h Carti Season,Pump Fake,Single art for Pump Fake!(Freestyle),,,,,,https://imgur.com/a/olKmz0L,Single Art,Yes
Ca$h Carti Season,Speedy Gonzales,Single art for Justin Rose - Speedy Gonzales feat. Playboi Carti,,,,,,https://imgur.com/a/1L7sAqs,Feature,Yes
Ca$h Carti Season,IN THE PARTY,Single art for Spade Guwop - IN THE PARTY feat. Playboi Carti & Johnny Cinco,,,,,,https://imgur.com/a/gr3KyJS,Feature,Yes
Ca$h Carti Season,Make Some Blow,Single art for Make Some Blow,,,,,,https://imgur.com/a/HsMXYW4,Single Art,Yes
Ca$h Carti Season,Geek On a Bitch,Single art for Famous Dex - Geek On a Bitch (Remix) feat. Playboi Carti,,,,,,https://imgur.com/a/NZvEv90,Feature,Yes
Ca$h Carti Season,Black n White,Single art for Black n White,,,,,,https://imgur.com/a/fLqs4nC,Single Art,Yes
Ca$h Carti Season,I'm Too Cold,"Supposed cover art for ""I'm Too Cold"".",,,,,,https://imgur.com/a/sK5XETC,Single Art,No
Playboi Carti,Telephone Calls,"Single art for A$AP Mob - Telephone Calls (feat. A$AP Rocky, Tyler The Creator, Playboi Carti & Yung Gleesh)",,,,,,https://imgur.com/a/u94QVGD,Feature,Yes
Playboi Carti,Lemme Know,Single art for Ethereal - Lemme Know (feat. Playboi Carti),,,,,,https://imgur.com/a/Ug8NTjA,Feature,Yes
Playboi Carti,Clouted Up,Single art for Clouted Up,,,,,,https://imgur.com/a/pfKNkBB,Single Art,Yes
Playboi Carti,Broke Boi,"The art to Playboi Carti's single ""Broke Boi"" for Spotify release",,,,,,https://imgur.com/jrMNqXE,Single Art,Yes
Playboi Carti,Margiela Roof,Single art for Swaghollywood - Margiela Roof  (feat. Playboi Carti),,,,,,https://imgur.com/a/G8EtIC6,Feature,Yes
Playboi Carti,LOOKIN,Single art for Lookin (feat. Lil Uzi Vert),,,,,,https://imgur.com/a/6zsjamw,Single Art,Yes
Playboi Carti,Sleeping With My 9,Single art for Sleeping With My 9 (feat. UnoTheActivist),,,,,,https://imgur.com/a/WGSH8x4,Single Art,Yes
Playboi Carti,wokeuplikethis*,Single art for wokeuplikethis* (feat. Lil Uzi Vert),,,,,,https://imgur.com/a/HXHR07T,Single Art,Yes
Playboi Carti,Playboi Carti,"OG Self Titled album cover, that Carti uploaded onto his twitter account.",,,,,,https://twitter.com/playboicarti/status/840732898655371264?lang=en,Album Cover,No
Playboi Carti,Playboi Carti,"The album art to Playboi Carti's mixtape ""Playboi Carti"". Cover was shot at the Clout House in LA.",,,,,,https://imgur.com/aPKBETd,Album Cover,Yes
Playboi Carti,Playboi Carti [CD/Vinyl],"Alternate album art for Playboi Carti's mixtape ""Playboi Carti"" used exclusively for physical releases.",,,,,,https://imgur.com/7OciBNZ,Album Cover,Yes
Playboi Carti,Playboi Carti [CD/Vinyl],"Alternate album art for Playboi Carti's mixtape ""Playboi Carti"" used exclusively for physical releases.",,,,,,https://imgur.com/a/VlmAxAb,Other,Yes
Playboi Carti,Playboi Carti [CD/Vinyl],"Alternate album art for Playboi Carti's mixtape ""Playboi Carti"" used exclusively for physical releases.",,,,,,https://imgur.com/a/2foZ8gO,Other,Yes
Playboi Carti,Playboi Carti [CD/Vinyl],"First part of the tracklist for Playboi Carti's Mixtape ""Playboi Carti"" used exclusively for physical releases.",,,,,,https://imgur.com/a/4XVeJ1Z,Other,Yes
Playboi Carti,PLAYBOI CARTI [CD/Vinyl],"Second part of the tracklist for Playboi Carti's Mixtape ""Playboi Carti"" used exclusively for physical releases.",,,,,,https://imgur.com/a/VzwNJPq,Other,Yes
Playboi Carti,Playboi Carti [CD/Vinyl],"Playboi Carti mixtape ""Playboi Carti"" CD art",,,,,,https://imgur.com/a/dc2PkV9,Other,Yes
Playboi Carti,PLAYBOI CARTI,Playboi Carti logo from Self Titled era,,,,,,https://imgur.com/a/5F0PRym,Logo,Yes
Playboi Carti,PLAYBOI CARTI TOUR,"Poster of ""PLAYBOI CARTI"" tour",,,,,,https://imgur.com/a/KfK1d4l,Poster,Yes
Playboi Carti,PLAYBOI CARTI TOUR,"Promotional poster for the ""PLAYBOI CARTI"" tour",,,,,,https://imgur.com/a/MsiyuuZ,Other,Yes
Playboi Carti,PLAYBOI CARTI TOUR,"Second promotional poster for the ""PLAYBOI CARTI"" tour",,,,,,https://imgur.com/a/tsVdz4y,Other,Yes
16*29,IM WIT THE SQUAD,Cover art used for when Chinatown dropped the song on Soundcloud,,,,,,https://t2.genius.com/unsafe/340x340/https%3A%2F%2Fimages.genius.com%2Fdde2412eda065c8c74e79d2bee50f2f3.500x500x1.jpg,Single Art,Yes
16*29,Bankroll,"Single art for DP Beats - Bankroll (feat. Lil Uzi Vert & Playboi Carti)The cover is fanmade, however, it is still somewhat official since DP Beats ended up using it.",,,,,,https://imgur.com/a/NPvWWuV,Single Art,Yes
16*29,Bankroll,Alternate cover of Bankroll posted by DP Beats on IG. Doesn't have the text underneath and has a slightly bigger Parental Advisory Content logo.,,,,,,https://imgur.com/a/bVefVtA,Single Art,Partial
Die Lit,Green & Purple,Single art for Travis Scott - Green & Purple (feat. Playboi Carti),,,,,,https://imgur.com/a/wdY9tai,Feature,Yes
Die Lit,RAF,"Single art for A$ap Mob - RAF (feat. Frank Ocean, A$AP Rocky, Playboi Carti, Quavo & Lil Uzi Vert)",,,,,,https://imgur.com/a/IeZTlHE,Feature,Yes
Die Lit,Summer Bummer,Single art for Lana Del Rey - Summer Bummer (feat. A$AP Rocky & Playboi Carti),,,,,,https://imgur.com/a/Xm34IPU,Feature,Yes
Die Lit,WWTW,Single art for Yung Gleesh - WWTW (feat. Playboi Carti & Lil Yachty),,,,,,https://i1.sndcdn.com/artworks-000235816291-fd1hb6-t500x500.jpg,Feature,Yes
Die Lit,All Of Them,Single art for Rich The Kid - All Of Them (feat. Playboi Carti),,,,,,https://imgur.com/a/gHdrHmz,Feature,Yes
Die Lit,Butterfly Coupe,SIngle art for MilanMakesBeats - Butterfly Coupe (feat. Playboi Carti & Yung Bans),,,,,,https://imgur.com/a/fY7ac7v,Feature,Yes
Die Lit,Vlone Thug,Single art for MilanMakesBeats - Vlone Thug (feat. Playboi Carti & UnoTheActivist),,,,,,https://imgur.com/a/znPq6kt,Feature,Yes
Die Lit,Still Kickin / On GO,Single art for MilanMakesBeats - Still Kickin / On GO (feat. Playboi Carti & Thouxanbanfauni),,,,,,https://imgur.com/a/7NL1Gko,Feature,Yes
Die Lit,Crumbs,Single art for DRAM - Crumbs (feat. Playboi Carti),,,,,,https://imgur.com/a/FaludP0,Feature,Yes
Die Lit,Yo Pi'erre [Alt],Alternate art for Pi'erre Bourne - Yo Pi'erre (feat. Playboi Carti),,,,,,https://imgur.com/a/QZGqegp,Feature,No
Die Lit,Yo Pi'erre,Single art for Pi'erre Bourne - Yo Pi'erre (feat. Playboi Carti),,,,,,https://imgur.com/a/LIuQoKL,Feature,Yes
Die Lit,Hit a Lick,Single art for Harry Fraud - Hit a Lick (feat. Playboi Carti),,,,,,https://imgur.com/a/f2zahOr,Feature,Yes
Die Lit,Still,Single art for ManMan Savage - Still (feat. Playboi Carti),,,,,,https://imgur.com/a/3iONB4t,Feature,Yes
Die Lit,In The Lobby,Single art for SosaMann - In The Lobby (feat. Playboi Carti),,,,,,https://imgur.com/a/nJaeIPU,Feature,Yes
Die Lit,Love Hurts(feat. Travis Scott),"The art to Playboi Carti's single ""Love Hurts"".",,,,,,https://imgur.com/PeuhUEK,Single Art,Yes
Die Lit,Die Lit [OG],"The original album art for Playboi Carti's ""Die Lit"".",,,,,, https://imgur.com/a/NdBNnl7,Album Cover,No
Die Lit,Die Lit,"The album art to Playboi Carti's album ""Die Lit"".",,,,,,https://imgur.com/ndrnaC7,Album Cover,Yes
Die Lit,DIE LIT TOUR,Poster of Die Lit Tour,,,,,,https://imgur.com/a/XE5sT46,Poster,Yes
Die Lit,NEON TOUR,Promo for Neon Tour,,,,,,https://imgur.com/a/eatib9W,Other,Yes
Die Lit,TOUR STARTS NOVEMBER 6,Promo for Neon Tour,,,,,,https://imgur.com/a/ux7Uy8O,Other,Yes
Die Lit,TOUR STARTS NOVEMBER 6,Promo for Neon Tour with dates and a Seattle Text,,,,,,https://imgur.com/a/AQrHJiz,Other,Yes
Die Lit,NEON TOUR,Logo of Neon Tour,,,,,,https://imgur.com/a/3xzEtbC,Logo,Yes
Die Lit,NEON ,Alternate logo of Neon Tour,,,,,,https://imgur.com/a/FeBFUo7,Logo,Yes
Die Lit,NEON TOUR,Alternate poster of Neon Tour,,,,,,https://imgur.com/a/Wk7ODRz,Poster,Yes
Die Lit,NEON TOUR NEON TOUR,Alternate logo of Neon Tour,,,,,,https://imgur.com/a/go0Gk5l,Logo,Yes
Die Lit,Neon Tour,Promotional poster for Neon Tour,,,,,,https://imgur.com/a/Dwqgcgv,Poster,Yes
Die Lit,Neon Tour,Promotional poster for Neon Tour,,,,,,https://imgur.com/a/QLF8078,Poster,Yes
Whole Lotta Red [V1],Whole Lotta Red,"The album art to the original version of Playboi Carti's album ""Whole Lotta Red"". Found in the metadata of the song Shopping Spree, not only, but also the cover used by Carti in his Apple Music local files during late 2018.",,,,,,https://imgur.com/ZgnkhsZ,Album Cover,No
Whole Lotta Red [V1],Whole Lotta Red (Merch),Logo made by Art Dealer for WLR merchandise sold at various shows.,,,,,,https://imgur.com/a/lLoElcJ,Logo,No
Whole Lotta Red [V1],On Top,Single art for Rubi Rose - On Top (feat. Playboi Carti) unofficial release.,,,,,,https://i1.sndcdn.com/artworks-000599313299-zdukb5-original.jpg,Feature,Yes
Whole Lotta Red [V1],Paid In Full,Single art for SAFE - Paid In Full (feat. Playboi Carti),,,,,,https://imgur.com/a/qn7Lnue,Feature,Yes
Whole Lotta Red [V1],Tony Montana,Single art for Kash Kani - Tony Montana (feat. Playboi Carti),,,,,,https://imgur.com/a/U9q0P6v,Feature,Yes
Whole Lotta Red [V1],Neon,"Neon was originally going to drop alongside Not Real on May 31st, 2019. The song most likely had single art.",,,Unavailable,,,N/A,Single Art,No
Whole Lotta Red [V1],Not Real,"Not Real was originally going to drop alongside Neon on May 31st, 2019. The song most likely had single art.",,,Unavailable,,,N/A,Single Art,No
Whole Lotta Red [V1],I Promise You!,Single art for Playboi Carti - * i promise you ! (prod. 16yrold),,,,,,https://imgur.com/a/U9q0P6v,Single Art,Yes
WE DON'T DIAL 911,Alien Autopsy [V2],Cover art for 'Alien Autopsy',,,,,,https://imgur.com/a/lbxSdAh,Single Art,Yes
Whole Lotta Red [V2],cartier,Logo which appeared in unreleased Cartier music video. Made by artdealer,,,,,,https://imgur.com/a/iDbmgK3,Logo,No
Whole Lotta Red [V2],CARTI ,Inspired by Vamp (1986) movie logo. Made by artdealer,,,,,,https://imgur.com/a/pII5tRo,Logo,No
Whole Lotta Red [V2],OPIUM,The first logo of Carti's label OPIUM. Inspired by the COMME des GARÇONS logo.,,,,,,https://imgur.com/a/vSoB3Ks,Logo,Yes
Whole Lotta Red [V2],u Kan do it too.,"The cover art for ""u Kan do it too."" is supposedly just a black square. It's unclear at this time whether this was meant to be the actual cover or just a placeholder. (The image shown is not the exact one used, it's just a reference from Google.)",,,,,,N/A,Single Art,No
Whole Lotta Red [V2],@ MEH,"The art to Playboi Carti's single ""@ MEH"".",,,,,,https://imgur.com/PZEtACk,Single Art,Yes
Whole Lotta Red [V3],Alien Autopsy,"Unused single art for Sunny 2point0 - Alien Autopsy (feat. NoCap, Playboi Carti & Trippie Redd)",,,,,,https://imgur.com/a/hTK2Fyz,Feature,No
Whole Lotta Red [V3],K Suave - Perky97*,Single art for K Suave - Perky97* (feat. Playboi Carti),,,,,,https://imgur.com/a/5pFOpFI,Feature,Yes
Whole Lotta Red [V3],Say My Name,Single art for Guap Tarantino - Say My Name (feat. Playboi Carti),,,,,,https://imgur.com/a/I4Us1m6,Feature,Yes
Whole Lotta Red [V4],Flex Up,Single art for Lil Yachty - Flex Up (feat. Playboi Carti & Future),,,,,,https://imgur.com/a/dHl29Xu,Feature,Yes
Whole Lotta Red [V4],Whole Lotta Red,"The album art to Playboi Carti's album ""Whole Lotta Red"".",,,,,,https://imgur.com/lOBlBfO,Album Cover,Yes
Whole Lotta Red [V4],Red,Logo of Whole Lotta Red album. Used for the YouTube release of the album.,,,,,,https://imgur.com/a/se58qbX,Logo,Yes
Whole Lotta Red [V4],OPIUM,OPIUM logo posted on Carti's burner account @opium_00pium,,,,,,https://www.instagram.com/p/CJxnAyblCaJ/,Logo,No
Narcissist,Trippie Redd - Miss The Rage(feat. Playboi Carti),"The art to Trippie Redd's single ""Miss The Rage"".",,,,,,https://imgur.com/Uj17tt2,Feature,Yes
Narcissist,ABRA - Unlock It(feat. Playboi Carti),"The art to ABRA's single ""Unlock It"".",,,,,,https://imgur.com/7NtJl7c,Feature,Yes
Narcissist,Narcissist (Logo),Logo for Narcissist. Designed by Demna Gsvalia.,,,,,,https://leaked.cx/data/attachments/32/32684-8c5cc41a21addfa71ca077be38ff3af1.jpg,Logo,Yes
Narcissist,Narcissist Tour (Logo),Logo for the Narcissist Tour. Designed by Demna Gsvalia.,,,,,,https://imgur.com/a/v8waCcX,Logo,Yes
Narcissist,Narcissist Tour (Logo) (Alt),Alt logo for the Narcissist Tour.,,,,,,https://leaked.cx/data/attachments/32/32685-2c49612d0a0a660b56f50aee2211166e.jpg,Logo,Yes
Narcissist,King Vamp Tour Narcissist Tour,Logo for King Vamp Tour after Narcissist Tour got renamed to King Vamp Tour,,,,,,https://imgur.com/a/cApCaOp,Logo,Yes
Narcissist,Vamp Hours,Logo for Vamp Hours,,,,,,https://imgur.com/a/sSfUrr9,Logo,Yes
Narcissist,Tonight,Logo for King Vamp Tour,,,,,,https://imgur.com/a/f7M0ct7,Logo,Yes
Narcissist,Sights,Logo for Sights w/ A$AP Rocky. Unknown if this was meant to be the Single Art.,,,,,,https://imgur.com/a/uDmN7q8,Logo,No
Narcissist,Narcissist Tee,Narcissist Tee.,,,,,,https://imgur.com/3bGzziI ,Other,No
Narcissist,King Vamp Tour Merch,King Vamp Tour Merch shirt.,,,,,,https://imgur.com/X0GJqlE ,Other,Yes
Narcissist,Narcissist,King Vamp Tour Merch logo,,,,,,https://imgur.com/a/m5MzSb2,Logo,Yes
MUSIC [V1],Narcissist Merch (Logo),Logo for Narcissist Merch.,,,,,,https://leaked.cx/data/attachments/32/32687-9ec2910dce023af4dced1a2d08b7369b.jpg,Logo,Yes
MUSIC [V1],Narcissist Merch (Logo),Logo for Narcissist Merch.,,,,,,https://leaked.cx/data/attachments/32/32686-fba1aab17455cb5cec94827dd5113ba1.jpg,Logo,Yes
MUSIC [V1],Narcissist Merch (Logo),Slightly altered version of Narcissist merch logo,,,,,,https://imgur.com/a/rnWoh75,Logo,Yes
MUSIC [V1],Fell In Love,Single art for Fell In Love/Finesse Remix,,,,,,https://imgur.com/a/xuBaHuG,Single Art,Yes
MUSIC [V1],CLOWN FACED DEVIL," Logo for unreleased NARCISSIST merch ""Clown Faced Devil""",,,,,,https://imgur.com/a/vxohupt,Logo,No
MUSIC [V1],CLOWN FACED DEVIL," Logo for unreleased NARCISSIST merch ""Clown Faced Devil""",,,,,,https://imgur.com/a/DviYB3i,Logo,No
MUSIC [V1],???,Possible artwork for a single/album due to the parental advisory logo.,,,,,,https://i.ibb.co/Jj60SPJm/image.png,Unknown,No
MUSIC [V2],OPIUM,New Opium Logo,,,,,,https://imgur.com/a/zzMmSVd,Logo,Yes
MUSIC [V2],Antagonist Tour Poster,Poster for Antagonist Tour.,,,,,,https://leaked.cx/data/attachments/32/32689-8709b33214c575ffdbc1988c18620ba7.jpg,Poster,Yes
MUSIC [V2],Antagonist Tour Logo,Antagonist logo which was used on Carti's website,,,,,,https://leaked.cx/data/attachments/32/32690-9b1e9fd08e0858cdb774d0931c5b6ce1.jpg,Logo,Yes
MUSIC [V2],MUSIC,"This coverart is / was most likely the real one. It was discovered via unreleased merch, that leaked around december. Back then, people thought it was fake, but after the tag turned out to be the same as the Carti merch at Summer Smash 2023 and the person posting it has been threatened by people from Interscope, it is most likely real and most likely was considered all the way, till Carti decided to rename the album to I AM MUSIC.The artwork could also be just for the merch purposes, so for now it's marked as type unknown",,,,,,https://i.imgur.com/uMnblg2.png,Unknown,No
MUSIC [V3],MUSIC (Logo),MUSIC logo discovered on carti's website's data base.,,,,,,https://leaked.cx/data/attachments/32/32688-f8b62f56f40dce6ea806750cf5e94b15.jpg,Logo,Yes
MUSIC [V3],Antagonist Tour Banner,Banner for Antagonist Tour.,,,,,,https://leaked.cx/data/attachments/32/32696-155af3ba7b3627146585669e0a0d85a1.jpg,Other,No
MUSIC [V3],I AM MUSIC,"Logo used very often by Carti, also used as profile picture by Carti and his affiliates.",,,,,,https://imgur.com/a/XMhny0V,Logo,Yes
MUSIC [V3],Antagonist Tour Banner,Banner for Antagonist Tour.,,,,,,https://leaked.cx/data/attachments/32/32695-8c4c9a172ea5490df5e8775b65ae00a5.jpg,Other,No
MUSIC [V3],IM NOT PLAYING,"Art which Carti shared on his IG story previewing new snippet which was later dropped as a single EVILJ0RDAN, assuring that he is not joking and the album rollout is actually happening",,,,,,https://imgur.com/a/DG0dwvB,Logo,Yes
MUSIC [V3],2024,Carti announces that I AM MUSIC is coming out in 2024.,,,,,,https://imgur.com/a/Cclrq1Z,Logo,Yes
MUSIC [V3],9:30 Parental Advisory Explicit Content,"Custom Parental Advisory sticker used in promotional announcement for ""2024"" single",,,,,,https://imgur.com/a/GBr6HtH,Other,Yes
MUSIC [V3],KEEP STREAMING I'LL DROP ANOTHER,"After dropping ""2024"" single, Carti teased that he'll drop more music",,,,,,https://imgur.com/a/sOEv5hz,Logo,Yes
MUSIC [V3],YVL [OG],OG Logo of YVL (Young Vamp Life). Carti was seen wearing a polo shirt (most likely unreleased MUSIC merch) with this YVL logo. This logo takes inspiration from Yves Saint Laurent fashion house logo,,,,,,https://imgur.com/a/rlgv3nZ,Logo,No
MUSIC [V3],I AM MUSIC,"Fanmade/concept I AM MUSIC billboard by @somewrongwithme, reposted by Carti & his affiliates",,,,,,https://imgur.com/a/vkcXOhA,Other,No
MUSIC [V3],9:00 Parental Advisory Explicit Content TUESDAY,"Custom Parental Advisory sticker used in promotional announcement for ""HOODBYAIR"" single",,,,,,https://imgur.com/a/EHlGMNn,Other,Yes
MUSIC [V3],YVES,Carti announces his daughter's name,,,,,,https://imgur.com/a/xpGlks0,Logo,Yes
MUSIC [V3],9:30 Parental Advisory Explicit Content MONDAY,"Custom Parental Advisory sticker used in promotional video for ""BACKR00MS & EVILJ0RDAN"" singles",,,,,,https://imgur.com/a/oDmvOx6,Other,Yes
MUSIC [V3],9:30 Parental Advisory Explicit Content TUESDAY,"Transparent version of Custom Parental Advisory sticker used in promotional video for ""KETAMINE"" single",,,,,,https://imgur.com/a/4NgiZAR,Other,Yes
MUSIC [V3],DANCE NOW,"Posted by Carti on his story, encouraging fans to make more videos of dancing to EVILJORDAN song",,,,,,https://imgur.com/a/l7GppZT,Logo,Yes
MUSIC [V3],I LUV IT,Single art for Camila Cabello - I LUV IT (feat. Playboi Carti),,,,,,https://imgur.com/a/88a1YO0,Feature,Yes
MUSIC [V3],00CACTUS,Complexcon promotional poster,,,,,,https://imgur.com/a/vwa6PkP,Poster,Yes
MUSIC [V3],PBC,"PBC logo seen on Carti's merch, also used for playboicarti.com website",,,,,,https://imgur.com/a/88a1YO0,Logo,Yes
MUSIC [V3],YVL,Official YVL logo used for merch,,,,,,https://imgur.com/a/9flW3sn,Logo,Yes
MUSIC [V3],YVL,"Alternative YVL logo used for merch,inspired by New Era logo ",,,,,,https://imgur.com/a/rMrQ76t,Logo,Yes
MUSIC [V3],9:30 Parental Advisory Explicit Content THURSDAY,"Custom Parental Advisory sticker used in promotional video for ""All Red"" single",,,,,,https://imgur.com/a/DoLuEkx,Other,Yes
MUSIC [V3],ALL RED ,Official ALL RED cover art for ALL RED single. Posted on Carti's alt account on 9/12/24,,,,,,https://t2.genius.com/unsafe/700x0/https%3A%2F%2Fimages.genius.com%2F4c7a2a0f921ea63c610a93e8873461d1.1000x1000x1.png,Single Art,Yes
MUSIC [V3],ALL RED [White],Alternate ALL RED cover art used for merch hat. Posted on Carti's alt account on 9/12/24,,,,,,https://www.instagram.com/p/C_1_imyg41m/,Single Art,Yes
MUSIC [V3],ALL RED [Black],Alternate ALL RED cover art used for merch hat. ,,,,,,https://imgur.com/a/DBk8WqY,Single Art,Yes
MUSIC [V3],ALL RED [Red],Alternate ALL RED cover art used for merch hat. ,,,,,,https://imgur.com/a/9z4ajJu,Single Art,Yes
MUSIC [V3],400 Degrees,Single art for DP Beats - 400 Degrees (Swag disease)  (feat. Playboi Carti & Lil Uzi Vert),,,,,,https://imgur.com/a/GyoL8ZG,Single Art,Yes
MUSIC [V3],I AM MUSIC [Bundle 1 CD],Disc cover for MUSIC shared alongside 9 other covers. Used for the physical CD copies of the album.,,,,,,https://imgur.com/a/4T9QuMu,Album Cover,Yes
MUSIC [V3],I AM MUSIC [Bundle 2 CD],Disc cover for MUSIC shared alongside 9 other covers. Used for the physical CD copies of the album.,,,,,,https://imgur.com/a/CFZiDdj,Album Cover,Yes
MUSIC [V3],I AM MUSIC [Bundle 3 CD],Disc cover for MUSIC shared alongside 9 other covers. Used for the physical CD copies of the album.,,,,,,https://imgur.com/a/anVJtut,Album Cover,Yes
MUSIC [V3],I AM MUSIC,Disc cover for MUSIC shared alongside 9 other covers. Used for the physical CD copies of the album.,,,,,,https://imgur.com/a/xuEl2yK,Album Cover,Yes
MUSIC [V3],I AM MUSIC,Disc cover for MUSIC shared alongside 9 other covers. Used for the physical CD copies of the album.,,,,,,https://imgur.com/a/tw4Qy6x,Album Cover,Yes
MUSIC [V3],I AM MUSIC,Disc cover for MUSIC shared alongside 9 other covers. Used for the physical CD copies of the album.,,,,,,https://imgur.com/a/G8dqRlC,Album Cover,Yes
MUSIC [V3],I AM MUSIC,Disc cover for MUSIC shared alongside 9 other covers. Used for the physical CD copies of the album.,,,,,,https://imgur.com/a/RNPx4BK,Album Cover,Yes
MUSIC [V3],I AM MUSIC,Disc cover for MUSIC shared alongside 9 other covers. Used for the physical CD copies of the album.,,,,,,https://imgur.com/a/gA6k7Ci,Album Cover,Yes
MUSIC [V3],I AM MUSIC,Disc cover for MUSIC shared alongside 9 other covers. Used for the physical CD copies of the album.,,,,,,https://imgur.com/a/veDvNbb,Album Cover,Yes
MUSIC [V3],I AM MUSIC,Disc cover for MUSIC shared alongside 9 other covers. Used for the physical CD copies of the album.,,,,,,https://imgur.com/a/kUegaIb,Album Cover,Yes
MUSIC [V3],MUSIC,"Concept cover shared by Carti. First thought to be the official cover by the fans, later confirmed by Carti himself that this isn't the official cover. Takes infuence from Lil Wayne's Dedication 3 mixtape cover.",,,,,,https://www.instagram.com/p/C_4Ov1MIxek/,Album Cover,No
MUSIC [V3],I AM MUSIC THE MIXTAPE,Fanmade/concept cover art by @wakeupzuzi reposted by Carti,,,,,,https://imgur.com/a/iml84RV,Album Cover,No
MUSIC [V3],I AM MUSIC,Cover for I AM MUSIC for the ALL RED version of the box,,,,,,https://imgur.com/a/YuHiqwA,Other,Yes
MUSIC [V3],TIMELESS,Single art for The Weeknd - Timeless (feat. Playboi Carti),,,,,,https://imgur.com/a/wRDVNHU,Feature,Yes
MUSIC [V3],PARENTAL ADVISORY EXPLICIT CONTENT,Alternate Parental Advisory logo/sticker with Opium logo on it. Carti was seen it wearing on his hat (most likely unreleased merch) in the TIMELESS mv,,,,,,https://imgur.com/a/pxIvqpw,Logo,No
MUSIC [V3],CD,Another CD seen at Complexcon. (photo quality),,,,,,https://imgur.com/a/1GdaVR4,Album Cover,Unknown
MUSIC [V3],NARCISSIST,New logo of Narcissist merch/clothing line used at Complexcon,,,,,,https://imgur.com/a/Fsj90ud,Logo,Yes
MUSIC [V3],Playboi,PLAYBOI CARTI X SHAYNE OLIVER collab merch (sold at Complexcon) logo. (photo quality),,,,,,https://imgur.com/a/xeJ8qMH,Logo,Yes
MUSIC [V3],P,Another PLAYBOI CARTI X SHAYNE OLIVER collab merch (sold at Complexcon) logo. (photo quality),,,,,,https://imgur.com/a/x1NSfdS,Logo,Yes
MUSIC [V3],MUSIC,Alternate MUSIC logo used at Complexcon,,,,,,https://imgur.com/a/4DdZuQr,Logo,Yes
MUSIC [V3],YVL,Alternate YVL logo used at Complexcon,,,,,,https://imgur.com/a/r8KEjJV,Logo,Yes
MUSIC [V3],YVL,Alternate YVL logo used at Complexcon,,,,,,https://imgur.com/a/oOhZgMG,Logo,Yes
MUSIC [V3],OPIUM,Alternate OPIUM logo used at Complexcon,,,,,,https://imgur.com/a/7Q9SPGJ,Logo,Yes
MUSIC [V3],OPIUM,Alternate OPIUM logo used at Complexcon,,,,,,https://imgur.com/a/ovuKe58,Logo,Yes
MUSIC [V3],OPM,Alternate OPIUM logo used at Complexcon. (photo quality),,,,,,https://imgur.com/a/uTQiQLX,Logo,Yes
MUSIC [V3],OPIUM,Alternate OPIUM logo used at Complexcon. (photo quality),,,,,,https://imgur.com/a/OKAYOAc,Logo,Yes
MUSIC [V3],PLAY THIS,Single art for PLAY THIS. (babyxsosa in the picture),,,,,,https://imgur.com/a/Gp8JK1B,Single Art,Yes
MUSIC [V3],PLAYBO1 CART1 ROLLING LOUD 10 YEARS,Promo for Carti's Rolling Loud MIami 10th anniversary set,,,,,,https://imgur.com/a/mLFHIpw,Other,Yes
MUSIC [V3],OMERTÀ,Art/logo posted by Carti on IG story 12/14/2024 using the DGMN snippet in the background. Purpose of this art is unknown.,,,,,,https://imgur.com/a/DCJbr5M,Unknown,No
MUSIC [V3],HURRY UP TOMORROW XO,Digital album cover of HURRY UP TOMORROW 00XO EDITION. EXCLUSIVE COVER ARTWORK DESIGNED IN COLLABORATION WITH XO AND OPIUM.,,,,,,https://imgur.com/a/JAubTWJ,Album Cover,Yes
MUSIC [V3],BLICK SUM,Single art for Latto - Blick Sum (feat. Playboi Carti),,,,,,https://imgur.com/a/zAbNFd5,Feature,Yes
MUSIC [V3],AFTER HOURS TIL DAWN,"The Weeknd tour ""AFTER HOURS TIL DAWN"" poster",,,,,,https://imgur.com/a/nqRjvdB,Poster,Yes
MUSIC [V3],PLAYBO1 CART1 ROLLING LOUD ,Promo for Carti's Rolling Loud Los Angeles 2025 set,,,,,,https://imgur.com/a/4Y0JmcN,Other,Yes
MUSIC [V3],03.14.2025 FRIDAY,Custom Parental Advisory sticker used in promotional announcement of album's date,,,,,,https://imgur.com/a/Kr5Hk3m,Other,Yes
MUSIC [V3],MUSIC,Leaked cover of MUSIC hours before dropping. Everybody was calling it ass so Carti scrapped it ,,,,,,https://imgur.com/a/yFO7Q7F,Album Cover,No
MUSIC [V3],I AM MUSIC,Official album cover of MUSIC,,,,,,https://imgur.com/a/SeOo3IB,Album Cover,Yes
MUSIC [V3],MUSIC,scrapped album cover for MUSIC. made by @sattava_born.,,,,,,https://imgur.com/a/DaYANys,Album Cover,No
MUSIC [V3],MUSIC [CARTI WORLD],Cover art posted on Carti's IG story. Originated from reddit.,,,,,,https://imgur.com/a/hFHarSg,Album Cover,No
MUSIC [V3],Whole Lotta Red [Alt Cover],"Black version of the WLR cover, though the advertisement takes you to the normal version for some reason.",,,,,,https://imgur.com/a/d8ijqHq,Album Cover,Unknown
CARTI YE,CARTI YE,"Album cover for a supposed Carti & Ye collab project named ""CARTI YE"". Revealed by Ye on Twitter. ",,,,,,NEW LINKS NEEDED,Album Cover,No
BABY BOI,Whole Lotta Red 5-Year Anniversary Vinyl (Spotify FF Edition),"Alternative cover for Whole Lotta Red for the 5-Year Anniversary vinyl, only meant to be available for top fans of Playboi Carti on Spotify, however can also be purchased through Playboi Carti's website.",,,,,,https://imgur.gg/f/tL4vUXe,Album Cover,Yes
BABY BOI,Whole Lotta Red 5-Year Anniversary Vinyl (Retail Edition),"Alternative cover for Whole Lotta Red for the 5-Year Anniversary vinyl, can be found online or at your local retail store.",,,,,,https://imgur.gg/f/85z2O6c,Album Cover,Yes
BABY BOI,Whole Lotta Red 5-Year Anniversary Vinyl (D2C Edition),"Alternative cover for Whole Lotta Red for the 5-Year Anniversary vinyl, only available for purchase through Playboi Carti's website (shop.playboicarti.com).",,,,,,https://imgur.gg/f/rfRg3qe,Album Cover,Yes
BABY BOI,Whole Lotta Red 5-Year Anniversary Vinyl (IVC Edition),"IVC Edition of Whole Lotta Red, this bundle contains:Exclusive Alternate Red Cover Art [1] Exclusive Gatefold Jacket for the First Time [2] Exclusive Black in Red Color Vinyl [3] Bonus Playboi Carti Lithograph [4] Bonus “Red” Logo Sticker [5] Individually NumberedStrictly Limited to 3,000 Copies GloballyShips in Exclusive Limited Edition Red BoxNo bonus songsDespite being strictly limited to 3,000 copies, the manufacturer that IVC was working withcreated extra unnumbered copies, which they made available for purchase for thosewho were subscribed to their service. [5]",,,,,,https://imgur.com/a/fYmVoFY,Album Cover,Yes
BABY BOI,Whole Lotta Red 5-Year Anniversary Vinyl (Target Edition),"Alternative cover for Whole Lotta Red for the 5-Year Anniversary vinyl, found exclusively in Target stores.",,,,,,https://imgur.gg/f/3KpJNLw,Album Cover,Yes
BABY BOI,Whole Lotta Red 5-Year Anniversary Vinyl (Indie Edition),"Alternative cover of Whole Lotta Red for the 5-Year Anniversary vinyl, found exclusively in indie record stores.",,,,,,https://imgur.gg/f/XAGQuxchttps://imgur.gg/f/NG7XAx9,Album Cover,Yes
BABY BOI,Whole Lotta Red (CD),"For the 5-year anniversary of Whole Lotta Red, Playboi Carti (and his team) finally decided to press Whole Lotta Red on CD.",,,,,,https://imgur.gg/f/jP35Yep,Album Cover,Yes
BABY BOI,Sky Cover [Fortnite Jam Track],Cover used for Carti's track 'Sky' on the Fortnite Jam Track.,,,,,,https://fortnite.gg/img/items/21393/icon.png?1,Unknown,Yes
BABY BOI,MUSIC - SORRY 4 DA WAIT 1-Year Anniversary Vinyl,Alternative cover for MUSIC - SORRY 4 DA WAIT for the 1-Year Anniversary vinyl.,,,,,,https://imgur.com/a/2jwK4pQ,Album Cover,Yes
BABY BOI,Fat Smaxk - Smaxk Or Die,Single art for Fat Smaxk - Smaxk Or Die (feat. Playboi Carti),,,,,,https://imgur.com/a/PesXsj7,Single Art,Yes
BABY BOI,Fat Smaxk - Smaxk Or Die [Alt],Alternate cover for Smaxk Or Die posted by Carti and used in the MV. Later added to DSPs.,,,,,,https://imgur.com/a/Z6C1B4i,Single Art,Yes
