"Era","Name","Tracklist","Image","Date Made","Quality","Source","Link(s)"
"Unknown | Completely Unheard | Snippet Available | Version Available | Confirmed Version Available","Before Boy Barbie","(Apr 11, 2000) (Kenyatta Lee Bettis Frazier Jr. is born in Atlanta)
(2019) (Ken Carson meets Playboi Carti and joins Opium*®)","","","","",""
"Before Boy Barbie","Boy Barbie [V1]","Unused tracklist cover art for Boy Barbie, when it was at one point just two tracks, with Lancey Foux being the sole feature on both songs.

1. What You Know (feat. Lancey Foux)
2. Pink Panther (feat. Lancey Foux)","","","Clear","Ken","https://t2.genius.com/unsafe/830x0/https%3A%2F%2Fimages.genius.com%2F507b841200b62c44b9028eb0100f1e69.899x899x1.jpg"
"Before Boy Barbie","Boy Barbie [V2]","The original tracklist for Boy Barbie. It consisted of ten tracks, with Young Jordan being the sole featue. It was also originally intended for release under 808 Mafia, however in 2019, Ken Carson signed to Opium.

1. Intro
2. Splash
3. Hoky Oky
4. Fan Behavior (feat. Young Jordan)
5. Dream
6. Going Krazy
7. No Mo
8. Geeked Up
9. Back Then
10. Die About It","","","Clear","Ken","https://t2.genius.com/unsafe/830x0/https%3A%2F%2Fimages.genius.com%2F4db345894c3b0cfdaf9fe68d4a487b18.899x899x1.jpg"
"","Boy Barbie","(2019) (Ken Carson meets Playboi Carti and joins Opium®)
(May 12, 2020) (Boy Barbie is released)","","","","",""
"Boy Barbie","Boy Barbie [V3]","This is the third and final version of the tracklist.

1. Gold Medal (feat. International Jefe & Lil Unky)
2. Geeked Up
3. What You Know (feat. Lancey Foux)
4. Pink Panther (feat. Lancey Foux)
5. Flexing (feat. Lil Yachty)
6. Moshpit","","May 12, 2020","Clear","Ken","https://t2.genius.com/unsafe/830x0/https%3A%2F%2Fimages.genius.com%2Fb02b56888fb1482002f5c8ae5e9af993.827x827x1.jpg"
"","Teen X","(May 12, 2020) (Boy Barbie is released)
(Aug 14, 2020) (Teen X is released)","","","","",""
"Teen X","Teen X","Official tracklist for Teen X.

1. Teen X
2. Yale
3. Meds
4. Why
5. For Her
6. Pissed Off","","Aug 14, 2020","Clear","Ken","https://images.genius.com/2a64fa7a58dd2958aa0d0c199c6dbf4b.1000x1000x1.png"
"","Lost Files","(Aug 14, 2020) (Teen X is released)
(Jan 20, 2021) (Lost Files is released)","","","","",""
"Lost Files","Lost Files","Official tracklist for Lost Files.

1. opium
2. no love
3. pose 2 do
4. phenomenon
5. stuck (feat. Lil Yachty)
6. fuk shit","","Jan 20, 2021","Clear","Ken",""
"","Teen X : Relapsed
(Teen X Deluxe)","(Jan 20, 2021) (Lost Files is released)
(Jan 31, 2021) (Teen X : Relapsed is released)","","","","",""
"Teen X : Relapsed","Teen X : Relapsed","Official tracklist for Teen X : Relapsed.

1. Teen X Babe
2. Teenager Rager
3. Butterfly
4. High as Sh!T
5. On the Low","","Jan 31, 2021","Clear","Ken",""
"","Lost Files 2","(Jan 31, 2021) (Teen X : Relapsed is released)
(Jul 10, 2021) (Lost Files 2 is released)","","","","",""
"Lost Files 2","Lost Files 2","Official tracklist for Lost Files 2.

1. Glock 19
2. Patrick Ewing (feat. Lil Tecca)
3. Celebrate
4. M&M
5. BackPack
6. How 2 Flex
7. Been Braggin
8. Killstreak
9. Teen Bean","","Jul 10, 2021","Clear","Ken",""
"","Project X","(Jul 10, 2021) (Lost Files 2 is released)
(Jul 23, 2021) (Project X is released)","","","","",""
"Project X","Project X [V1]","@isseyboy (Caskets) mentioned that Carti was meant to appear on the album, stating that the song was allegedly ""Hella,"" but Carti didn't like his verse and had it taken off.

1. Who's Next
2. Rock N Roll
3. Party All Day
4. Change
5. Run + Ran
6. Shake
7. Hella (feat. Playboi Carti)
8. Clutch
9. Till I Die
10. Burnin Up
11. So What","","","Clear","Secondary",""
"Project X","Project X [V2]","Official tracklist for Project X.

1. Who's Next
2. Rock N Roll
3. Party All Day
4. Change
5. Run + Ran
6. Shake
7. Hella
8. Clutch
9. Till I Die
10. Burnin Up
11. So What","","Jul 23, 2021","Clear","Ken",""
"","lost_files_3
(Lost Files 3)","(Jul 23, 2021) (Project X is released)
(Jan 29, 2022) (lost_files_3 is released)","","","","",""
"lost_files_3","lost_files_3","Official tracklist for lost_files_3.

1. hang_fire :/
2. gang (feat. Lil Tecca & Destroy Lonely)
3. drugs_over_love :{
4. i_influence
5. r_u_srs_?
6. murder_musik (feat. Destroy Lonely)
7. upside_down
8. sh00t
9. over_dosed","","Jan 29, 2022","Clear","Ken",""
"lost_files_3","lost_files_3","Another version of the tracklist when Sicko added four more tracks to the mixtape.

1. hang_fire :/
2. gang (feat. Lil Tecca & Destroy Lonely)
3. drugs_over_love :{
4. i_influence
5. r_u_srs_?
6. murder_musik (feat. Destroy Lonely)
7. upside_down
8. sh00t
9. over_dosed
10. by_my_lonely (feat. JBan$2Turnt)
11. raver (feat. Destroy Lonely)
12. exodus (feat. Destroy Lonely)
13. wockstar (feat. Offset)","","","Clear","Ken",""
"","X TWO THREE
(X-23, Lost Files 3.5)","(Jan 29, 2022) (lost_files_3 is released)
(Jun 8, 2022) (X TWO THREE is released)","","","","",""
"X TWO THREE","X TWO THREE","Official tracklist for X TWO THREE.

1. X GAMES
2. X FOR BREAKFAST (feat. Destroy Lonely)
3. STICK
4. POP
5. PUSSY PINK (feat. SoFaygo)
6. AQUAFINA
7. SHOULDA LISTENED (feat. Lil Tecca & Destroy Lonely)
8. LIL VAMP
9. KEEPS
10. ALL YEAR FREESTYLE","","Jun 8, 2022","Clear","Ken",""
"","X
(Project Xtended, Ken Carson, X_MAN)","(Jul 23, 2021) (Project X is released)
(Jul 8, 2022) (X is released)","","","","",""
"X","X","Official tracklist for X.

1. Intro
2. New
3. Gems
4. Nobody
5. Go
6. MDMA (feat. Destroy Lonely)
7. X
8. PDBMH
9. Money Hunt
10. South Beach
11. Going Schitz
12. Same Thing
13. Freestyle 1
14. Freestyle 2
15. Fuk 12
16. Murda Musik (feat. Destroy Lonely)
17. Delinquent (feat. HXG)
18. Get Rich Or Die
19. Turn Up
20. The End","","Jul 8, 2022","Clear","Ken","https://t2.genius.com/unsafe/830x0/https%3A%2F%2Fimages.genius.com%2Ff21660e5765b78f1c8d5cd5ec6a55076.1000x1000x1.png"
"","XTENDED
(X Deluxe)","(Jul 8, 2022) (X is released)
(Oct 31, 2022) (XTENDED is released)","","","","",""
"XTENDED","XTENDED","Official tracklist for XTENDED. Features 5 additional tracks.

1. Intro
2. New
3. Gems
4. Nobody
5. Go
6. MDMA (feat. Destroy Lonely)
7. X
8. PDBMH
9. Money Hunt
10. South Beach
11. Going Schitz
12. Same Thing
13. Freestyle 1
14. Freestyle 2
15. Fuk 12
16. Murda Musik (feat. Destroy Lonely)
17. Delinquent (feat. HXG)
18. Get Rich Or Die
19. Turn Up
20. The End
21. Freestyle 3
22. Fashion Habits
23. Shoot
24. Swag Overload
25. Lookbook","","Oct 31, 2022","Clear","Ken",""
"","lost ?
(Lost Files 4)","(Oct 31, 2022) (XTENDED is released)
(Jan 3, 2023) (lost ? is released)","","","","",""
"lost ?","lost ?","Official tracklist for lost ?

1. 𝓼𝓾𝓲𝓬𝓲𝓭𝓪𝓵
2. 𝓯𝓻𝓮𝓮 𝔂𝓸𝓾𝓷𝓰 𝓽𝓱𝓾𝓰
3. 𝓫𝓸𝓼𝓼𝓮𝓼
4. 𝓵𝓮𝓽𝓼 𝓰𝓸 𝓼𝓱𝓸𝓹𝓹𝓲𝓷
5. 𝓹𝓵𝓪𝔂𝓮𝓻
6. 𝓰𝓵𝓸𝓬𝓴 𝔀𝓲𝓽𝓱 𝓪 𝓼𝔀𝓲𝓽𝓬𝓱
7. 𝓱𝓲𝓰𝓱𝓮𝓻 & 𝓯𝓵𝔂𝓮𝓻
8. 𝓫𝓪𝓬𝓴 𝓯𝓻𝓸𝓶 𝓽𝓱𝓮 𝓭𝓮𝓪𝓭","","Jan 3, 2023","Clear","Ken",""
"","A Great Chaos
(AGC, X2)","(Jan 3, 2023) (lost ? is released)
(Oct 13, 2023) (A Great Chaos is released)
(Jul 5, 2024) (A Great Chaos (Deluxe) is released)","","","","",""
"A Great Chaos","A Great Chaos [V1]","The first version of the tracklist shared by Ken Carson via his Twitter.

1. intro
2. jennifer's body
3. hardcore
4. pouring out the syrup
5. singapore ft
6. it's over
7. drugs talkin ft
8. like this ft
9. paranoid ft
10. interlude
11. fyt
12. so dark
13. ken carson
14. outro","","Jun 25, 2023","Clear","Ken","https://agc.pillar.land/assets/content/tracklist.webp"
"A Great Chaos","A Great Chaos [Masters]","Original tracklist order for A Great Chaos based on the filenames of the album's masters. Does not include 'i need u' as that was mastered seperately.

1. Green Room
2. Jennifer's Body
3. Fighting Demons
4. Singapore (feat. Destroy Lonely)
5. Lose It
6. Hardcore
7. Me N My Kup
8. It's Over
9. Like This (feat. Lil Uzi Vert & Destroy Lonely)
10. Succubus
11. Paranoid (feat. Destroy Lonely)
12. Pots
13. Overtime
14. Vampire Hour
15. Nightcore
16. Nightcore 2
17. Rockstar Lifestyle","","Sep 25, 2023","Leaked","Leaked",""
"A Great Chaos","A Great Chaos","Official tracklist for A Great Chaos.

1. Green Room
2. Jennifer's Body
3. Fighting My Demons
4. Singapore (feat. Destroy Lonely)
5. Lose It
6. Hardcore
7. Me N My Kup
8. It's Over
9. Succubus
10. Paranoid (feat. Destroy Lonely)
11. Pots
12. Like This (feat. Lil Uzi Vert & Destroy Lonely)
13. Overtime
14. Vampire Hour
15. Nightcore
16. Nightcore 2
17. Rockstar Lifestyle
18. i need u","","Oct 13, 2023","Clear","Ken","https://t2.genius.com/unsafe/830x0/https%3A%2F%2Fimages.genius.com%2F9707d12a3aa440b938a76344adb5a954.1000x1000x1.jpg"
"A Great Chaos","Birthday EP","Instead of only Overseas releasing on Ken's birthday, an EP was originally planned.

?. overseas
?. toxic
?. leather jacket
?. kryptonite
?. mewtwo","","Jul 5, 2024","Clear","Leaked","https://i.ibb.co/JFspjDJh/20250816-142648.jpg"
"A Great Chaos","A Great Chaos (Deluxe) [V1]","Tracklist for A Great Chaos (Deluxe). Xposed was intended for release alongside everything else on the deluxe, but it didn't for an unknown reason. It later released on More Chaos.

1. Green Room
2. Jennifer's Body
3. Fighting My Demons
4. Singapore (feat. Destroy Lonely)
5. Lose It
6. Hardcore
7. Me N My Kup
8. It's Over
9. Succubus
10. Paranoid (feat. Destroy Lonely)
11. Pots
12. Like This (feat. Lil Uzi Vert & Destroy Lonely)
13. Overtime
14. Vampire Hour
15. Nightcore
16. Nightcore 2
17. Rockstar Lifestyle
18. i need u
19. loading
20. more chaos
21. toxic
22. leather jacket
23. mewtwo
24. ss
25. overseas
?. xposed","","Jul 5, 2024","Clear","Leaked","https://i.ibb.co/JFspjDJh/20250816-142648.jpg"
"A Great Chaos","A Great Chaos (Deluxe) [V2]","Official tracklist for A Great Chaos (Deluxe).

1. Green Room
2. Jennifer's Body
3. Fighting My Demons
4. Singapore (feat. Destroy Lonely)
5. Lose It
6. Hardcore
7. Me N My Kup
8. It's Over
9. Succubus
10. Paranoid (feat. Destroy Lonely)
11. Pots
12. Like This (feat. Lil Uzi Vert & Destroy Lonely)
13. Overtime
14. Vampire Hour
15. Nightcore
16. Nightcore 2
17. Rockstar Lifestyle
18. i need u
19. loading
20. more chaos
21. toxic
22. leather jacket
23. mewtwo
24. ss
25. overseas","","Jul 5, 2024","Clear","Ken",""
"","More Chaos","(Oct 13, 2023) (A Great Chaos is released)
(Ongoing)","","","","",""
"More Chaos","More Chaos [V1]","An unfinished tracklist for More Chaos posted on January 25th, 2025.

1. TrapJump
2. Sniffer
 3. Naked
4. Dismantled
5. ROAE
6. Down2Earth
7. BC<3
8. VMP
9. XPOSED
10. 1st Night
11. 200 Kash
12. confetti
13. psycho
14. Narcotics
15. ???
16. MOH
17. ???
18. Proud Family
19. ??? 
20. THX","","Jan 25, 2025","Blurry","Ken","https://i.ibb.co/bMddY9GR/image.png"
"More Chaos","More Chaos [V2]","Tracklist on physical copies of More Chaos. Missing 2000, Evolution, Ghoul & Off The Meter.

1. Lord Of Chaos
2. Xposed
3. Money Spread
4. Root Of All Evil
5. K-Hole
6. Trap Jump
7. Blakk Rokkstar
8. LiveLeak
9. Diamonds
10. Dismantled
11. 200 Kash
12. Down2Earth
13. Confetti
14. Naked
15. Kryptonite
16. Psycho
17. Inferno
18. Thx","","Apr 11, 2025","Clear","Ken",""
"More Chaos","More Chaos [V3]","Initial streaming tracklist for More Chaos. 

1. Lord Of Chaos
2. Xposed
3. Money Spread
4. Root Of All Evil
5. K-Hole
6. Trap Jump
7. Blakk Rokkstar
8. LiveLeak
9. Diamonds
10. Dismantled
11. 200 Kash
12. Down2Earth
13. Confetti
14. Naked
15. Kryptonite
16. Psycho
17. Inferno
18. Thx
19. 2000
20. Evolution
21. Ghoul","","Apr 11, 2025","Clear","Ken",""
"More Chaos","More Chaos [V4]","Streaming tracklist for More Chaos. Has an additional song which was released shortly after the main album.

1. Lord Of Chaos
2. Xposed
3. Money Spread
4. Root Of All Evil
5. K-Hole
6. Trap Jump
7. Blakk Rokkstar
8. LiveLeak
9. Diamonds
10. Dismantled
11. 200 Kash
12. Down2Earth
13. Confetti
14. Naked
15. Kryptonite
16. Psycho
17. Inferno
18. Thx
19. 2000
20. Evolution
21. Ghoul
22. Off The Meter (with Playboi Carti & Destroy Lonely)","","Apr 11, 2025","Clear","Ken",""
"","xperiment
(Xperiment, The Xperiment, the experiment)","(Apr 11, 2025) (More Chaos is released)
(Jun 10, 2026) (Album USBs are showcased by various collaborators)
(Ongoing)","","","","",""
"xperiment","the experiment [V1]
(xperiment)","An alleged unfinished tracklist for ""xperiment"" with a planned release date of July 23rd, 2026. These are only the confirmed songs, and more are planned as the album is still being worked on.

1. stars
2. boil
3. lotto
4. call up yo shooters (feat. Playboi Carti)
5. switch up (feat. Lil Uzi Vert)
6. amnesia
7. chains & watches
8. shawty","","Jan 15, 2026","Rumored","Leaked","https://i.ibb.co/9k13hFNC/Rumored-Experiment.png"
"xperiment","xperiment [V2]","Streaming tracklist for xperiment. Features 22 tracks.

1. wheredoistart
2. deaf note (feat. Playboi Carti)
3. shadeson (feat. 2hollis)
4. gynecologist
5. wrist
6. edm
7. truth
8. outofmybody
9. the ritual
10. interlude
11. ghost (feat. Lil Uzi Vert)
12. drug kit (feat. Young Thug)
13. possession
14. fw00
15. somanybags
16. shopping (feat. Destroy Lonely)
17. amandabynes
18. amnesia
19. flamethrower
20. knocking
21. addiction
22. wedidit (feat. Playboi Carti)","","Jul 3, 2026","Clear","Ken","http://open.spotify.com/prerelease/6Dx9MCwVAX6WDcOCvrG4In
https://music.apple.com/ca/album/xperiment/6781478597"
"","cartunez","(Jul 3, 2026) (xperiment is released)
(Jul 10, 2026) (cartunez fails to release as expected)
(Ongoing)","","","","",""
"cartunez","cartunez","Tracklist for cartunez. TBD.

Confirmed & Speculated Tracks:

50k
Home Rollin
scraping the pot
counterfeit
listen
heart
packs
taste","","Jul 2026","Clear","Ken",""
