Era,Name,Notes,Designer,Art Type,Image,Project Type,Use,Link(s)
Family 1st,Family 1st,"Official cover art for ""Family 1st"".",,Digital,,Front Cover,Used,
Hard Body,Hard Body,"Official cover art for ""Hard Body"".",,Digital,,Front Cover,Used,
The Nextdoor Neighbors,The Nextdoor Neighbors,"Tagged cover art for ""The Nextdoor Neighbors"".",,Digital,,Front Cover,Unused,
Drip Season,Drip Season,"Official cover art for ""Drip Season"".",,Digital,,Front Cover,Used,
Drip Season 2,Drip Season 2,"Official cover art for ""Drip Season 2"".",,Digital,,Front Cover,Used,
Drip or Drown,Drip or Drown,"Official cover art for ""Drip or Drown"".",Fano,Digital,,Front Cover,Used,
Drip Season 3,Drip Season 3,"Official cover art for ""Drip Season 3"".",,Digital,,Front Cover,Used,
Drip Harder,"Drip Harder
(with Lil Baby)","Official cover art for ""Drip Harder"".",,Digital,,Front Cover,Used,
Drip or Drown 2,Drip or Drown 2,"Official cover art for ""Drip or Drown 2"".",,Digital,,Front Cover,Used,
WUNNA,WUNNA,"Official cover art for ""WUNNA"".",,Digital,,Front Cover,Used,
WUNNA (Deluxe),WUNNA (Deluxe),"Official cover art for ""WUNNA (Deluxe)"".",,Digital,,Front Cover,Used,
Slime Language 2,"Young Stoner Life - Slime Language 2
(with Young Thug & Gunna)","Official cover art for ""Slime Language 2"".",,Digital,,Front Cover,Used,
Slime Language 2,"Young Stoner Life - Slime Language 2 (Deluxe)
(with Young Thug & Gunna)","Official cover art for ""Slime Language 2 (Deluxe)"".",,Digital,,Front Cover,Used,
DS4EVER,DS4EVER,"Official cover art for ""DS4EVER"".",Daniel Arsham,Digital,,Front Cover,Used,
a Gift & a Curse,a Gift & a Curse,"Official cover art for ""a Gift & a Curse"".","Spike Jordan
Frank Dunson",Digital,,Front Cover,Used,
One of Wun,fukumean - EP,Official cover art for the fukumean EP.,,Digital,,Front Cover,Used,
One of Wun,"Victor Thompson - THIS YEAR (Blessings) [Remix]
(with Gunna) (feat. Ehis 'D' Greatest)","Cover art for Victor Thompson and Gunna's ""THIS YEAR (Blessings) [Remix]"", featuring Ehis 'D' Greatest.",,Digital,,Front Cover,Used,https://a1.mzstatic.com/r40/Music126/v4/d2/b3/2f/d2b32fea-a22b-4b2b-8f8e-3ed3c6d233a8/196871537520.jpg
One of Wun,"Turbo - Bachelor
(with Gunna)","Cover art for Turbo's single ""Bachelor"" with Gunna.",,Digital,,Front Cover,Used,https://a1.mzstatic.com/r40/Music126/v4/50/31/15/503115e0-2408-6f81-da7b-35591566f14b/075679664204.jpg
One of Wun,"Sarz - Happiness
(feat. Asake & Gunna)","Cover art for Sarz's single ""Happiness"" featuring Asake and Gunna.",,Digital,,Front Cover,Used,https://a1.mzstatic.com/r40/Music126/v4/41/f7/55/41f7554a-acf2-938a-34e8-035553fd3256/dj.tsuwaclk.jpg
One of Wun,Bittersweet,"Official cover art for Gunna's single ""Bittersweet"".",,Digital,,Front Cover,Used,https://a1.mzstatic.com/r40/Music122/v4/d7/50/70/d7507017-8920-e132-7050-7ef7d952d42a/075679659514.jpg
One of Wun,One of Wun,Official cover art for One of Wun.,"@calvinclauselljr
@spikejordan
@thegeniusclxb
@talmidy",Digital,,Front Cover,Used,Link needed
One of Wun,One of Wun,Official cover art for One of Wun.,"@calvinclauselljr
@spikejordan
@thegeniusclxb
@talmidy",Digital,,Front Cover,Used,Link needed
The Last Wun,Him All Along,Official cover art for Him All Along.,,Digital,,Front Cover,Used,Link needed
The Last Wun,Got Damn,Official cover art for Got Damn.,,Digital,,Front Cover,Used,Link needed
The Last Wun,Classy Girl,"Official cover art for Gunna & Turbo - ""Classy Girl"".",,Digital,,Front Cover,Used,Link needed
The Last Wun,Won't Stop,Official cover art for Won't Stop.,,Digital,,Front Cover,Used,Link needed
The Last Wun,The Last Wun,Official cover art for The Last Wun.,,Digital,,Front Cover,Used,Link needed
