Era,Name,Notes,Track Length,File Date,Leak Date,Available Length,Quality,Link(s)
"0 OG File(s)
0 Full
0 Tagged
0 Partial
0 Snippet(s)
0 Unavailable",Cru' In Action!,,,,,,,
"0 OG File(s)
0 Full
0 Tagged
0 Partial
0 Snippet(s)
0 Unavailable",N.W.A and the Posse,,,,,,,
"0 OG File(s)
0 Full
0 Tagged
0 Partial
1 Snippet(s)
9 Unavailable",Straight Outta Compton,,,,,,,
Straight Outta Compton,Dogshit,"Krazy Dee confirmed that Ice Cube had a song called ""Dogshit"" where he rapped about meeting a girl, coming into her home, the father catches him having sex with her, he runs away with his pants down and steps on dogshit. Uses the same drums as ""Dopeman"" with quacking sounds in the background.",,,,Confirmed,Not Available,https://youtu.be/unVkeiPU-ns?t=235
Straight Outta Compton,"Express Yourself [V1]
(ref. Ice Cube) (prod. Dr. Dre & DJ Yella)","According to both The D.O.C. and the album's linear notes, Ice Cube wrote ""Express Yourself"", meaning there could be a reference track for Dr. Dre.",,,,Rumored,Not Available,
Straight Outta Compton,Fuck Tha Police [V1],"A solo Ice Cube demo of ""Fuck Tha Police"" with unreleased verses and Eazy-E's hook, made in 1987, exists apparently. No longer downloadable (yet) and Dbree link is gone.",,,,Confirmed,Not Available,
Straight Outta Compton,Fuck Tha Police [V2],"Demo version of ""Fuck Tha Police"" with an alternate beat, three Ice Cube verses and an alternate intro from probably Dr. Dre. File leaked for this song apparently, but is lost.",,,,Snippet,Recording,https://www.youtube.com/watch?v=SluC2v2Zwog
Straight Outta Compton,"From Around The Way [V1]
(Gangsta Gangsta)","When ""Gangsta Gangsta"" was originally written, it was called ""From Around The Way"" according to Krazy Dee, they decided to change it up a little after Eazy-E didn't rap on it for some reason.",,,,Confirmed,Not Available,https://youtu.be/unVkeiPU-ns?t=174
Straight Outta Compton,"Gangsta Gangsta [V2]
(ref. Ice Cube)
(From Around The Way)","According to both The D.O.C. and the album's linear notes, Ice Cube wrote ""Gangsta Gangsta"", likely writing Eazy-E's lines, meaning there could be a reference track for Eazy-E.",,,,Rumored,Not Available,https://youtu.be/unVkeiPU-ns?t=149
Straight Outta Compton,"Gangsta Gangsta [V3]
(From Around The Way)","An unmixed version of ""Gangsta Gangsta"" is said to exist, confirmed by Krazy Dee.",,,,Confirmed,Not Available,https://youtu.be/unVkeiPU-ns?t=149
Straight Outta Compton,N.W.A - The Nigga Ya Love To Hate [V1],"In an Instagram Live stream for the ""AmeriKKKa's Most Wanted"" 30th anniversary, Ice Cube would confirm ""The Nigga Ya Love To Hate"" was originally a track for N.W.A.",,,,Confirmed,Not Available,
Straight Outta Compton,🏆 Unknown [10> Songs],"According to Krazy Dee, there are less than ten unreleased N.W.A songs in total.",,,,Confirmed,Not Available,https://youtu.be/unVkeiPU-ns?t=156
Straight Outta Compton,Unknown [AMW Alternate Track Versions for Eazy-E],"Likely being made during ""Straight Outta Compton"" production, Sir Jinx said a lot of the songs that went to ""AmeriKKKa's Most Wanted"" was originally going to Eazy-E's album when they first started. It's likely these songs contained alternate lyrics relating to Eazy-E. One of these could be for ""A Gangsta's Fairytale"" where instead of ""Come sit on the lap of I-C-E,"" it was instead ""Come sit on the lap of Eazy-E."" All according to an archived HipHopDX interview with Sir Jinx.

""When we first started out, a lot of the songs were designated to go to Eazy Es album - some of the songs. When they didnt come to an agreement that they were going to work together, Cube took the songs and put them on Amerikkkas Most Wanted.""",,,,Confirmed,Not Available,https://web.archive.org/web/20130801225138/http://www.hiphopdx.com/index/interviews/id.1338/title.producers-corner-sir-jinx
"0 OG File(s)
0 Full
0 Tagged
0 Partial
0 Snippet(s)
10 Unavailable",AmeriKKKa's Most Wanted,,,,,,,
AmeriKKKa's Most Wanted,🏆 No Vaseline [V1],"In an interview with Sir Jinx, ""No Vaseline"" was originally going to be added to ""AmeriKKKa's Most Wanted"" and ""Kill At Will"" before it was officially released on ""Death Certificate"". Unknown what changes are included.",,,,Confirmed,Not Available,
AmeriKKKa's Most Wanted,The Nigga Ya Love To Hate [V2-V?],"Ice Cube said there were multiple choruses for the song, one being ""Love, hate"" before coming up with ""Fuck you, Ice Cube.""

""We had different choruses for that song. One went, “Love, hate” and then other things in there. And we was trying to find stuff that we could scratch in. I thought about it for a long time, like a whole day. And then I came up with, “Fuck you, Ice Cube!,” like people were mad at us for doing hardcore rap.""",,,,Confirmed,Not Available,
AmeriKKKa's Most Wanted,"🏆 You Can't Fade Me/JD's Grifflin [V1]
(prod. The Bomb Squad, Ice Cube & Sir Jinx)","Chuck D said that he had to edit a skit, likely ""JD's Grifflin"", because it contained a street address where he jacked something, which could get him in trouble.

""I remember editing one of the skits on the album, by one of the Lench Mob brothers who I won’t name. He was talking about something he jacked and he gave the actual street. So we had to take that out, because somebody could get yo ass if you put it on record!""",,,,Confirmed,Not Available,
AmeriKKKa's Most Wanted,"Tajai - Once Upon a Time In The Projects [V1]
(prod. Sir Jinx)","Sir Jinx revealed that ""Once Upon A Time In The Projects"" instrumental was made for Tajil, then Adam ""A-Plus"" Carter.",,,,Confirmed,Not Available,
AmeriKKKa's Most Wanted,"Adam ""A-Plus"" Carter - Once Upon a Time In The Projects [V2]
(prod. Sir Jinx)","Sir Jinx revealed that ""Once Upon A Time In The Projects"" instrumental was made for Tajil, then Adam ""A-Plus"" Carter.",,,,Confirmed,Not Available,
AmeriKKKa's Most Wanted,Son of Bazerk - AmeriKKKa's Most Wanted [V1],"In a Medium article and multiple interviews, it is said that ""AmeriKKKa's Most Wanted"" was for Son of Bazark, whom, according to Sadler, had recorded vocals on it.",,,,Confirmed,Not Available,
AmeriKKKa's Most Wanted,True Mathematics - A Gangsta's Fairytale [V1],"True Mathematics was a group that Sadler used to work with, where a previously recorded version of ""A Gangsta's Fairytale"" was done, but it was apparently bad and Sadler stated it was too goofy and never expected it would be picked.

""We had actually already recorded that with this group we worked with called True Mathematics. But they had done a pretty bad job on it, they stabbed it to death. I had put that music on the tape Chuck sent to Cube before he got to New York, but honestly I never thought he would pick it. It was too goofy.""",,,,Confirmed,Not Available,
AmeriKKKa's Most Wanted,AmeriKKKa's Most Wanted [Album Alternate Mixes],"Ice Cube said this in ""The Making of AmeriKKKa's Most Wanted - Part 3"", implying that every person would mix the songs and the ones that are on the record were the best ones.

""The record was mixed by everybody. Everybody mixed the song. So Chuck would mix ""The N*gga Ya Love To Hate"", then I would come in, me and [Sir] Jinx would mix ""The N*gga Ya Love To Hate"", then Keith Shockley and Hank Shockley would mix it, and you listen to all five mixes and the mix that was the best is the one that made the record.""",,,,Confirmed,Not Available,https://youtu.be/qDiBZm0ZjqY?list=PLZD3nYemXNBVV_-gjBvQV_Ba-atu_NVWY&t=318
AmeriKKKa's Most Wanted,??? [Scrapped Skits],"Sir Jinx said that there were three skits/inserts used, but ""The Drive-By"" was the only one that made it, meaning two more were scrapped entirely.

""Those inserts aren’t easy to make—musical versions of visual stuff. We had three of those planned, but “The Drive-By” was the only one we used on that album.""",,,,Confirmed,Not Available,
AmeriKKKa's Most Wanted,??? [Album Fill-Ins],"Sir Jinx said Ice Cube and Chuck D told others to do album fill-ins, many of which claimed to be offbeat because they didn't do them with the tracks themselves. Sir Jinx says he has the tape for them and his job was to align them on-beat.

""We didn’t bring no hype man with us to New York, so basically Cube and Chuck flew to LA one weekend and told J. Dee, T-Bone, Shorty and Robin Harris to do some fills on the album, vocal stuff to use in the background. If you listen close, you can hear that none of those are on-beat, because they didn’t do them with the tracks themselves. I still have the tape with all of those vocal parts on there. My job was to put them in the right places.""",,,,Confirmed,Not Available,
"0 OG File(s)
0 Full
0 Tagged
0 Partial
0 Snippet(s)
2 Unavailable",Kill At Will,,,,,,,
Kill At Will,Jackin' for Beats [V1],"Originally, Jackin' For Beats was going to be an N.W.A diss according to Sir Jinx.",,,,Confirmed,Not Available,
Kill At Will,🏆 No Vaseline [V2?],"In an interview with Sir Jinx, ""No Vaseline"" was originally going to be added to ""AmeriKKKa's Most Wanted"" and ""Kill At Will"" before it was officially released on ""Death Certificate"". Unknown what changes are included.",,,,Confirmed,Not Available,
"0 OG File(s)
0 Full
0 Tagged
0 Partial
0 Snippet(s)
0 Unavailable",Death Certificate,,,,,,,
Death Certificate,🏆 Unknown [No Vaseline sequel],"In a BigBoyTV interview, Ice Cube says there were unfinished lyrics to a ""No Vaseline"" sequel that were scrapped because he didn't know what N.W.A would respond with IF there was a response.",,,,Confirmed,Not Available,
"0 OG File(s)
0 Full
0 Tagged
0 Partial
0 Snippet(s)
2 Unavailable",The Predator,,,,,,,
The Predator,It Was A Good Day [V1],"A demo version of ""It Was A Good Day"" was recorded in a Los Angeles home studio before booking sessions to Echo Sound in Glendale, according to an archived Blender article, as it was one of the first ideas for the album.

""When Ice Cube returned to Los Angeles, he recorded a demo of the song at his home studio. Sessions for The Predator had been booked at Echo Sound in Glendale...""",?:??,,,Confirmed,Not Available,https://web.archive.org/web/20070930181025/http://www.blender.com/guide/articles.aspx?id=1988
The Predator,"Dr. Dre - You Don't Want To See Me
(feat. Ice Cube) (prod. Dr. Dre)","Rumored track with no information, possibly fake.",?:??,,,Rumored,Not Available,
"0 OG File(s)
0 Full
0 Tagged
0 Partial
0 Snippet(s)
0 Unavailable",Lethal Injection,,,,,,,
"0 OG File(s)
0 Full
0 Tagged
0 Partial
0 Snippet(s)
6 Unavailable",Bow Down,,,,,,,
Bow Down,"Gimme 50 Feet
(2 Of Amerika's Most Wanted)","According to Bomb1st, a supposed finished version of the song was meant for Heltah Sheltah for Dr. Dre and Ice Cube. Possibly OG version of ""2 Of Amerika's Most Wanted"" by 2Pac and Snoop Dogg.",,,,Confirmed,Not Available,
Bow Down,Endonesia,"According to Bomb1st, Dr. Dre and Ice Cube had verses on an unreleased song called ""Endonesia"", made for the collaboration project with Dr. Dre called ""Helter Skelter"". Supposedly finished and considered a ""weed song"".",,,,Confirmed,Not Available,https://dbree.org/v/fb5bc8
Bow Down,"Natural Born Killaz [V1]
(ref. J-Flexx) (feat. Sam Sneed?) (prod. Dr. Dre & Sam Sneed)","J-Flexx reference track for ""Natural Born Killaz"".",,,,Confirmed,Not Available,
Bow Down,"Natural Born Killaz [V2]
(feat. Sam Sneed) (prod. Dr. Dre & Sam Sneed)","Different vocals from Dr. Dre and Ice Cube, former made by J-Flexx, no intro and minor differences.",,,,Confirmed,Not Available,
Bow Down,Natural Born Killaz [V3],Possibly the same version as the release version.,,"Nov 5, 1994",,Confirmed,Not Available,
Bow Down,Unknown [Helter Skelter Tracks],"""Helter Skelter"" was a collaboration project by both Dr. Dre and Ice Cube, intended to release as the next project through Death Row Records. Unfrotunately, due to a dispute between Dre and The D.O.C., the latter took the songs intended for the album and released his own ""Helter Skelter"", which was likely the final nail in the coffin for this project.

According to Dr. Dre in an October 1994 interview, ""Helter Skelter"" would've contained 14-16 tracks and 3-4 tracks were finished, two of these are likely ""Natural Born Killaz"" and ""You Don't Wanna See Me"", so there are one or two songs that were recorded prior to October 1994.",,,,Confirmed,Not Available,
"0 OG File(s)
2 Full
0 Tagged
0 Partial
0 Snippet(s)
1 Unavailable","War & Peace, Vol. 1 (The War Disc)",,,,,,,
"War & Peace, Vol. 1","We Be Ballin' [V1]
(feat. Shaquille O'Neal & Michael Jackson) (prod. Rick ""Dutch"" Cousin & DJ Clark Kent)","Remix of ""We Be Clubbin'"", demo version.",,,"Apr 30, 2009",Full,CD Quality,https://pillows.su/f/3f7974c57cbb166ce90410d315297586
"War & Peace, Vol. 1","⭐️We Be Ballin' [V2]
(feat. Shaquille O'Neal & Michael Jackson) (prod. Rick ""Dutch"" Cousin & DJ Clark Kent)","A remix of ""We Be Clubbin'"" by Ice Cube that featured Shaquille O'Neal and Michael Jackson himself meant for a league-sponsored compilation album that was shelved due to a lockout in the NBA in July 1998.

How the fuck is this not officially released in any way, how are you gonna have Ice Cube with Shaquille AND MICHAEL JACKSON and NOT release it.",,,"Jun 21, 2008",Full,CD Quality,
"War & Peace, Vol. 1","???
(prod. Dr. Dre & The Glove)
(Hello)","Originally, the beat for ""Hello"" was made in a studio session with King Tee, included with the 1VX Xxplosive beat, both meant for King Tee but taken by Dr. Dre.",,,,Confirmed,Not Available,https://allhiphop.com/features/exclusive-chris-the-glove-taylor-talks-death-row-aftermath-and-dr-dre-part-2/
"0 OG File(s)
0 Full
0 Tagged
0 Partial
0 Snippet(s)
5 Unavailable","War & Peace, Vol. 2 (The Peace Disc)",,,,,,,
"War & Peace, Vol. 2","Dr. Dre - Deez Niggas
(feat. Ice Cube & MC Ren) (prod. KMG The Illustrator)","An N.W.A reunion track called ""Deez Niggas"" was considered for Dr. Dre's ""2001"". Unknown if it is an early version of ""Hello"" was a different beat.",,,,Confirmed,Not Available,https://www.oocities.org/marko_213/mayjune.htm
"War & Peace, Vol. 2","Dr. Dre - Muthafucka I'm Dre [V2]
(prod. Dr. Dre)
(Hello)","This song originally used the beat for ""Hello"", which was given to Ice Cube later.",,,,Rumored,Not Available,
"War & Peace, Vol. 2","Hello [V1]
(ref. Eminem) (prod. Chris ""The Glove"" Taylor & Dr. Dre)","It's been rumored that Eminem wrote Dr. Dre's verse on ""Hello"". Trusted sources say it is true.",,,,Rumored,Not Available,
"War & Peace, Vol. 2","Hello [V2]
(feat. Ice Cube & MC Ren) (prod. Chris ""The Glove"" Taylor & Dr. Dre)","A version of ""Hello"" for Dr. Dre's ""2001"" apparently exists. Could be ""Deez Niggas"".",,,,Rumored,Not Available,
"War & Peace, Vol. 2","N.W.A - Hello [V3]
(prod. Chris ""The Glove"" Taylor & Dr. Dre)","""Hello"" was meant for an N.W.A album before getting onto ""War & Peace, Vol. 2"", according to producer The Glove. A trusted source said this is true.",,,,Confirmed,Not Available,
"0 OG File(s)
0 Full
0 Tagged
1 Partial
0 Snippet(s)
1 Unavailable",Terrorist Threats,,,,,,,
Terrorist Threats,"E-A-Ski - Rock The Mic
(feat. Ice Cube & MC Ren) (prod. E-A-Ski)","Partial snippet for ""Rock The Mic"" featuring Cube and Ren. Meant for his shelved album ""Apply Pressure"", a snippet exists on a promo sampler CD.",,,,Partial,Low Quality,https://www.youtube.com/watch?v=ohvjyhnPs-I
Terrorist Threats,Unknown [N.W.A Reunion Album Tracks],"In an interview with British DJ and rapist Tim Westwood, Dr. Dre said that him and other N.W.A members have been in the studio and ""done a couple records"".",,,,Confirmed,Not Available,https://youtu.be/kA0xHpROKxM?t=863
"0 OG File(s)
0 Full
0 Tagged
0 Partial
0 Snippet(s)
0 Unavailable","Laugh Now, Cry Later",,,,,,,
"0 OG File(s)
1 Full
0 Tagged
0 Partial
0 Snippet(s)
1 Unavailable",Raw Footage,,,,,,,
Raw Footage,"Concrete
(prod. FredWreck)","Throwaway during ""Raw Footage"".",,,,Full,High Quality,https://fileditchfiles.me/file.php?f=/s22/PtRUudlGjvlOaIQEtgoe.mp3
Raw Footage,Unknown [Dr. Dre Collaborations],"In an interview with DubCNN, Ice Cube expected to appear on Dr. Dre's ""Detox"", but it is unknown if any recordings have happened.",,,,Rumored,Not Available,https://www.dubcnn.com/interviews/icecube08
"0 OG File(s)
0 Full
0 Tagged
0 Partial
0 Snippet(s)
0 Unavailable",I Am The West,,,,,,,
"0 OG File(s)
0 Full
0 Tagged
0 Partial
1 Snippet(s)
5 Unavailable",Everythangs Corrupt,,,,,,,
Everythangs Corrupt,"Bangladash - Purple Rain [V1]
(feat. Ice Cube, Kendrick Lamar, Snoop Dogg) (prod. Bangladash)
(West Coast Anthem)","Bangladash revealed that he had a song featuring Kendrick Lamar, Ice Cube and Snoop Dogg, likely an early version of ""Purple Rain"".",,,"Nov 30, 2011",Confirmed,Not Available,https://allhiphop.com/news/grammy-award-winning-producer-bangladesh-shares-some-details-on-his-new-album/
Everythangs Corrupt,"Bangladash - Purple Rain [V2]
(feat. Ice Cube, The Game, Kendrick Lamar) (prod. Bangladash)
(West Coast Anthem)",Later version with an added The Game feature in replacement for Snoop Dogg.,,,"Jul 1, 2017",Snippet,High Quality,"https://pillows.su/f/a81ef82c3888ca596fa42aa7e98c3284
https://pillows.su/f/ec8bffbe6ad6be74520746204fac0f02"
Everythangs Corrupt,"Dr. Dre - Issues [V1]
(feat. ???) (prod. Dr. Dre, Focus..., NEFF-U, Curt Chambers & Trevor Lawrence Jr.)","According to Focus..., Dem Jointz recorded a new hook and changed the production. Unclear who was on the hook originally, or if Ice Cube or Andersoon .Paak was on the song yet.",,,,Confirmed,Not Available,
Everythangs Corrupt,"Dr. Dre - Issues [V2]
(ref. Mez) (prod. Dr. Dre, Focus..., NEFF-U, Curt Chambers & Trevor Lawrence Jr.)","It's said that Dr. Dre's version is written by Mez, who has a writing credit on the song, but this could be because he has vocals on the intro.",,,,Rumored,Not Available,
Everythangs Corrupt,"Jon Connor - ???
(feat. Ice Cube) (prod. Dr. Dre)","Jon Connor throwaway featuring Ice Cube and possibly Dr. Dre for his album ""Vehicle City"".",,,,Confirmed,Not Available,"https://x.com/JonConnorMusic/status/431138530610274304
https://x.com/JonConnorMusic/status/429292715491094529"
Everythangs Corrupt,Unknown [Dr. Dre Collaborations],"In a May 2011 post, Ice Cube talked about meeting Dr. Dre in the studio and talking about doing some work on ""Detox"" in favor of Dre doing some work on Ice Cube's record.

In a Entertainment Weekly interview, Ice Cube was asked if he has any unreleased songs during the production of ""Compton"" by Dr. Dre, responding with ""One or two things that he still said he’s working on. That he’s messing with. So we’ll see."" One of these could've likely been ""Issues"", the other might have been The Game's ""Don't Trip"", but there could be one more song that he recorded for ""Compton"" however.",,,,Confirmed,Not Available,"https://web.archive.org/web/20110530031430/http://www.aftermathmusic.com/blog/2010/04/09/dr-dre-snoop-game-and-ice-cube-in-the-studio
https://ew.com/article/2015/08/14/ice-cube-dr-dre-unreleased-music/"
"0 OG File(s)
0 Full
0 Tagged
0 Partial
0 Snippet(s)
0 Unavailable",SNOOP CUBE 40 $HORT,,,,,,,
SNOOP CUBE 40 $HORT,Unknown [Kanye West Collaborations],"Kanye West, Ice Cube and Vory were all at San Francisco for sessions of ""Donda"" in 2021. Unknown if anything was recorded.",,,,Confirmed,Not Available,https://x.com/dondasplace/status/1564282477912399873
"0 OG File(s)
1 Full
0 Tagged
0 Partial
1 Snippet(s)
0 Unavailable",Man Down,,,,,,,
Man Down,"Bangladesh - Purple Rain [V3]
(feat. The Game, Ice Cube, Kendrick Lamar, Nipsey Hussle & Ty Dolla $ign) (prod. Bangladesh)
(West Coast Anthem)","Much later version of ""Purple Rain"" with added Nipsey Hussle and Ty Dolla $ign features.",,,"Oct 18, 2023",Snippet,Low Quality,https://pillows.su/f/78eb1e4f322a398ed28aaf6d4e8d76c8
Man Down,"Bangladesh - West Coast Anthem [V4]
(feat. The Game, Ice Cube, Kendrick Lamar, Nipsey Hussle & Ty Dolla $ign) (prod. Bangladesh)
(Purple Rain)","Nothing is known about this version of ""Purple Rain"" other than it was made in 2019. Randomly leaked on May 5, 2025.",4:04,,"May 5, 2025",Full,High Quality,https://pillows.su/f/2eeb24d596c9e826dd1ca796b19ea9b0
"0 OG File(s)
0 Full
0 Tagged
0 Partial
0 Snippet(s)
0 Unavailable",Man Up,,,,,,,
