Era,"Name
(Check out the Tracker website!)","Notes
(Join the Discord for updates and suggestions!)","Copy
Length","File
Date",Available Length,Quality,Link(s)
"0 Full
0 Tagged
0 Partial
0 Snippet(s)
0 OG File(s)
0 Stem Bounce(s)
0 Unavailable","The Hub-City Threat: Minor of the Year
(Youngest Head Nigga in Charge, Hub-City Threat)","(06/17/1987) (Kendrick Lamar was born and raised in Compton, California)
(2001) (Kendrick starts rapping and using the moniker ""K-Dot"" as a stage name)
(Late 2004) (Kendrick puts out his first local mixtape, Youngest Head Nigga in Charge)",,,"The Hub-City Threat: Minor of the Year, alternately titled Y.N.H.I.C. (Youngest Head Nigga in Charge), is Kendrick Lamar’s first local mixtape, released under his former stage name, K-Dot. The project was put out in late 2004 under the ‘Konkrete Jungle Muzik’ label, and surfaced online on April 10, 2013. Made when Kendrick was in 12th grade or 18 years old.",,
Y.H.N.I.C.,"The Hub-City Threat: Minor of the Year
(Youngest Head Nigga in Charge, Hub-City Threat)","Kendrick's first local mixtape, put out in late 2004. Surfaced online on April 10th, 2013. 21 tracks in total.",1:17:17,2004,Full,High Quality,https://pillows.su/f/077cc4b588df5ab49fa5720e67bddf76
"0 Full
0 Tagged
0 Partial
0 Snippet(s)
0 OG File(s)
0 Stem Bounce(s)
0 Unavailable",Training Day,"(June 17th, 1987) (Kendrick Lamar was born and raised in Compton, California)
(2001) (Kendrick starts rapping and using the moniker ""K-Dot"" as a stage name)
(Late 2004) (Kendrick releases his local mixtape, Youngest Head Nigga in Charge)
(February 16th, 2007) (Kendrick releases his second mixtape, Training Day)",,,"Training Day is Kendrick Lamar’s second mixtape, but formally considered by himself his debut mixtape, he was 18 at the time and went under the name “K-Dot.” In this mixtape, Kendrick raps to many old-school​ beats as well as some new ones, like The Notorious B.I.G’s “Who Shot Ya” and André 3000’s “Prototype.” It also features an interview with DJ Dave, one of the primary beat producers for this tape.",,
Training Day,Training Day,"Kendrick's second but formally considered debut mixtape, released on February 16, 2007. 26 tracks in total.",1:18:34,"Feb 16, 2007",Full,High Quality,https://pillows.su/f/8b0a6cbba57aa1810b0f1f564e35b36f
"0 Full
0 Tagged
0 Partial
0 Snippet(s)
0 OG File(s)
0 Stem Bounce(s)
0 Unavailable","No Sleep 'Til NYC
(Collaboration with Jay Rock)","(February 16th, 2007) (Kendrick releases his second mixtape, Training Day)
(November 13th, 2007) (Kendrick releases his third mixtape, No Sleep ""Til NYC, with Jay Rock)",,,"No Sleep ""Til NYC is the third mixtape by Kendrick Lamar and his first collaborative mixtape with Jay Rock. It was released on November 13th, 2007. The mixtape contains 26 tracks and features Ab-Soul and Punch on a handful of tracks. The mixtape features a lot of productions from DJs such as DJ Big Mike the Rule, DJ Envy, DJ Skee and DJ Warrior. Like on Training Day, both Kendrick and Jay Rock rap on many old-school​ beats such as ""Electric Relaxation"", ""It ain't Hard To Tell"" and ""Dead Presidents II"".",,
No Sleep 'Til NYC,"No Sleep 'Til NYC
(with Jay Rock)","Kendrick's third mixtape in collaboration with Jay Rock released on November 13, 2007. Later re-released for free on December 15, 2007. 20 tracks in total.",53:57,,Full,High Quality,https://pillows.su/f/5b64ad10195b2c9128af8290dbe015ad
"0 Full
0 Tagged
0 Partial
0 Snippet(s)
0 OG File(s)
0 Stem Bounce(s)
0 Unavailable",C4,"(November 13th, 2007) (Kendrick releases his third mixtape, No Sleep ""Til NYC, with Jay Rock)
(January 30th, 2009) (Kendrick releases his fourth mixtape, C4)",,,"C4 is the fourth mixtape by American rapper Kendrick Lamar, then known as ""K.Dot"". It was released on January 30, 2009 through Top Dawg Entertainment (TDE). The mixtape was heavily inspired by fellow American rapper Lil Wayne’s 2008 critically acclaimed album, Tha Carter III (C3), being mostly composed of freestyles over instrumentals from Wayne’s album in addition to a couple of original tracks.",,
C4,C4,"Kendrick's fourth mixtape, released on January 30, 2009. 18 tracks in total.",1:07:21,"Jan 30, 2009",Full,High Quality,https://pillows.su/f/348070782008b404b4bad1fbefbf4913
"1 Full
0 Tagged
1 Partial
0 Snippet(s)
0 OG File(s)
0 Stem Bounce(s)
1 Unavailable","The Kendrick Lamar EP
(The Kendrick Lamar LP, Kendrick Lamar)","(January 30th, 2009) (Kendrick releases C4 mixtape)
(Mid 2009) (Kendrick scraps the Before I Commit Suicide mixtape and the original version of good kid, m.A.A.d city)
(December 31st, 2009) (Kendrick releases ""The Kendrick Lamar EP"", a street album)",,,"Kendrick Lamar is an EP by American rapper Kendrick Lamar that was released as a free digital download on December 31, 2009 by Top Dawg Entertainment. It is his first project to be released under his birth name, previously releasing music under the moniker K.Dot, from 2006 to mid 2009. Executive produced by DudeDawg, dee:jay:dave and Sounwave.",,
The Kendrick Lamar EP,Before I Commit Suicide,"Unreleased mixtape by Kendrick Lamar. Scrapped Mid 2009 alongside ""Good Kid in a Mad City"". Unknown if it was completed. Only a handful of tracks were released.",?:??,,Partial,High Quality,https://pillows.su/f/e5300c41ebec512da29550bce320d4a3
The Kendrick Lamar EP,"Good Kid in a Mad City
(good kid, m.A.A.d city)","The unreleased orginal version of ""good kid, m.A.A.d city"". First mentioned in an interview to DubCNN published on May 3, 2007. An original version of GKMC was meant to release in 2009 right after the Before I Commit Suicide mixtape but both projects were scrapped. Unknown if it was completed. No known tracks are currently known.",?:??,"May 3, 2007",Confirmed,Not Available,N/A
The Kendrick Lamar EP,"The Kendrick Lamar EP
(The Kendrick Lamar LP, Kendrick Lamar)","Kendrick's first and only extended play, released on December 31, 2009. 15 tracks in total.",1:05:39,"Dec 31, 2009",Full,Lossless,https://drive.google.com/drive/folders/1PVQrPAninfTsLwXrlIprRfaRy1WTnqlO?usp=drive_link
"2 Full
0 Tagged
0 Partial
0 Snippet(s)
0 OG File(s)
0 Stem Bounce(s)
0 Unavailable","Overly Dedicated
(The Kendrick Lamar O.D)","(December 31st, 2009) (Kendrick releases self-titled EP)
(Early 2010) (Kendrick scraps The Songs That Didn""t Make The Kendrick Lamar EP)
(September 4th, 2010) (Kendrick releases his fifth and final mixtape Overly Dedicated)",,,"Overly Dedicated—sometimes stylized O(verly) D(edicated)—is Kendrick Lamar’s fifth solo mixtape, released on September 14, 2010 via Top Dawg Entertainment. The cover art features different artists and musicians that have passed away, most of them from drug overdoses. These artists include: Michael Jackson, Pimp C, Ol"" Dirty Bastard, Jimi Hendrix, Jim Morrison, Kurt Cobain, Sacer, Eric Snow, Dashiell “Dash” Snow, Robert Johnson and Bruce Lee.",,
Overly Dedicated,"Overly Dedicated
(The Kendrick Lamar O.D)","The original version of ""Overly Dedicated"", released on September 14th, 2010. The first link is for a flac copy and the second link is the mp3 copy.",1:09:20,"Sep 14, 2010",Full,Lossless,"https://pillows.su/f/a6cc909a3f3cb48e1f2a1e0cea6af274
https://pillows.su/f/a419168c2a3de4da18e3db0277a149fc"
Overly Dedicated,"Overly Dedicated
(The Kendrick Lamar O.D)","The streaming version of ""Overly Dedicated"", missing a few songs due to sample clearnce.",53:35,"Sep 14, 2010",Full,Lossless,https://pillows.su/f/e98223cc3320fad3845829182c19b535
"0 Full
0 Tagged
2 Partial
0 Snippet(s)
0 OG File(s)
0 Stem Bounce(s)
1 Unavailable","Collaboration with J. Cole
(Out the Sky, Burning Leather)","(September 4th, 2010) (Kendrick releases Overly Dedicated mixtape)
(Feburary 14th, 2011) (Kendrick & J. Cole played and recorded two songs at a meet and greet)
(May 2012) (Kendrick & J. Cole enter the studio once again)
(November 27th, 2015) (Kendrick & J. Cole drop their ""Black Friday"" tracks teasing a collab album. For unknown reason, it never released)",,,"In late 2010, Kendrick and J. Cole decided to work on a collab project. They were able to finish a couple of songs, with a couple beats laying around waiting to be used. It""s been delayed since, possibly, 2013. The idea of the album coming into fruition is still possible, but as of right now neither Cole or Kendrick are focused on it. Kendrick put his focus on ""To Pimp A Butterfly"" and J. Cole put his focus on ""2014 Forest Hills Drive"". Although they would team up again for the ""Black Friday"" tracks teasing an album, no collab was released. ",,
Collaboration with J. Cole,"???
(with J. Cole)",The original version of the Kendrick Lamar & J. Cole tape. Likely just a mixtape of random songs. Potential songs are Shock The World & Temptation.,?:??,,Partial,High Quality,https://pillows.su/f/6884e651acdf37d13dca0b92565672fb
Collaboration with J. Cole,"Out The Sky
(with J. Cole)","The second version of the Kendrick Lamar & J. Cole tape. The title was revealed to be ""Out The Sky"". The only known track is The Jig Is Up (Dump""n),",?:??,,Partial,High Quality,https://pillows.su/f/3f5b744338a974c3b9cdff3a37051774
Collaboration with J. Cole,"???
(with J. Cole)
(Burning Leather)","The third version of the Kendrick Lamar & J. Cole tape. Kendrick & Cole would collab for the ""Black Friday"" tracks, teasing a collab album, and Kendrick's sister would reveal that the tape would release Feb 16, 2016, but no tape would release. Suspected to be titled ""Burning Leather"" due to a censored word on J. Cole""s Black Friday track matching Kendrick's rhyming scheme at the end of his Black Friday track.",?:??,,Confirmed,Not Available,N/A
"2 Full
0 Tagged
0 Partial
0 Snippet(s)
0 OG File(s)
0 Stem Bounce(s)
0 Unavailable","Section.80
(Good Kid in a Mad City)","(September 4th, 2010) (Kendrick releases his fifth and final mixtape Overly Dedicated)
(Feburary 14, 2011) (Kendrick and J. Cole played and recorded two songs at a meet and greet)
(July 2nd, 2011) (Section.80 is released)",,,"Section.80 is Kendrick Lamar’s first full-length project, released on July 2, 2011, via Top Dawg Entertainment; although the project was marketed and distributed like a studio album, Lamar has consistently referred to it as a mixtape. The title, Section.80, is a combination of Section 8 Housing and the decade that Kendrick was born in—the 1980s. “The Spiteful Chant” was notably removed from streaming services in August 2019. (While the issue was never discovered, it’s presumed to be because of sample clearance issues.)",,
Section.80,"Section.80
(Good Kid in a Mad City)","Section.80"" is Kendrick Lamar’s first full-length project, released on July 2, 2011. although the project was marketed and distributed like a studio album, Lamar has consistently referred to it as a mixtape.",,,Full,Lossless,https://pillows.su/f/f8b2029a4cda93c25db9404097899adb
Section.80,"Section.80
(Good Kid in a Mad City)","The Second Version of ""Section.80"" found on streaming services. Lacks ""The Spiteful Chant"" likely due to clearence issues.",,,Full,Lossless,https://open.spotify.com/album/1bkN9nIkkCnXeG4yitVS1J?autoplay=true
"3 Full
0 Tagged
0 Partial
0 Snippet(s)
0 OG File(s)
0 Stem Bounce(s)
1 Unavailable","good kid, m.A.A.d city
(good kid, m.A.A.d city: a short film by Kendrick Lamar)","(2009) (Before Dr. Dre contributions there was already a whole finished version of a good kid, m.A.A.d city project that MixedByAli says ""will never see the light of day."")
(July 2nd, 2011) (Section.80 is released)
June 26th, 2012) (The album is officially titled ""good kid, m.A.A.d. city"")
(October 22nd, 2012) (good kid, m.A.A.d city is released)",,,"good kid, m.A.A.d city is Kendrick Lamar’s major label debut, released on October 22, 2012 through Top Dawg Entertainment, Aftermath Entertainment and Interscope Records. Subtitled “A Short Film by Kendrick Lamar,” this concept album depicts a day in the life of a 17-year-old Lamar as he rides around Compton in his mom’s minivan. The album was re-released on March 19, 2013 with a bonus remix of “Bitch, Don’t Kill My Vibe” featuring JAŸ-Z.",,
"good kid, m.A.A.d city","🏆 good kid, m.A.A.d city [Early Version]
(prod. MixedByAli)","First ever mentioned in an interview to DubCNN published on May 3, 2007. An original version of GKMC was meant to release in 2009 right after the Before I Commit Suicide mixtape but both projects were scrapped. In 2021, MixedByAli revealed to the No Jumper Podcast that before Dr. Dre contributions there was already a whole finished version of good kid, m.A.A.d city that he says will never see the light of day. It was 11 tracks, and likely features none of the songs from the finished product. Packed on Ali""s hard drive and owned by MackWop. Begins at 38:55s.",?:??,,Confirmed,Not Available,"https://www.dubcnn.com/2007/05/03/comptons-k-dot-aligns-with-all-stars-for-debut-2/
https://www.youtube.com/watch?v=u3Lk4x4EWVE
https://www.youtube.com/watch?v=_CbLslswk-g"
"good kid, m.A.A.d city","good kid, m.A.A.d city
(Good Kid in a Mad City)","Kendrick's major label debut and second studio album. It was released on October 22, 2012.",1:08:23,"Oct 22, 2012",Full,Lossless,https://pillows.su/f/a46942c73fd47509b4c8c1617f0b71a9
"good kid, m.A.A.d city","good kid, m.A.A.d city [Deluxe Version]
(Good Kid in a Mad City)","Kendrick's major label debut and second studio album. It was released on October 22, 2012.",1:13:00,"Oct 22, 2012",Full,Lossless,https://pillows.su/f/a46942c73fd47509b4c8c1617f0b71a9
"good kid, m.A.A.d city","good kid, m.A.A.d city [iTunes Deluxe Version]
(Good Kid in a Mad City)","Kendrick's major label debut and second studio album. It was released on October 22, 2012. Includes a bonus track titled ""Collect Calls"".",1:35:45,"Oct 22, 2012",Full,Lossless,https://pillows.su/f/4ab242845f6590dc386375461e04adab
"0 Full
0 Tagged
0 Partial
0 Snippet(s)
0 OG File(s)
0 Stem Bounce(s)
2 Unavailable","Tu Pimp A Caterpillar [V1]
(How Much A Dollar Cost, To Pimp A Butterfly, To Pimp A Butterfly: a blank letter by Kendrick Lamar)","(October 22nd, 2012) (good kid, m.A.A.d city is released)
(Feburary 7th, 2014) (Kendrick visits and performs at South Africa)",,,"From 2012 to 2014, Kendrick worked on his next album titled ""Tu Pimp A Caterpillar"" in reference to the rapper Tupac. Work was proceeding like normal until Kendrick took a trip to South Africa in February 2014 to perform. When he visited, it moved him so much to the point where he completely scrapped the songs from this project for a more ambitious project. That project would turn into ""To Pimp A Butterfly"".",,
Tu Pimp A Caterpillar,Unknown [2-Inch Tape Album],Kendrick had an idea to record an entire album on 2-Inch tape. Unknown if anything was recorded for it.,N/A,"Oct 18, 2012",Rumored,Not Available,N/A
Tu Pimp A Caterpillar,Unknown [Album Throwaways],"MixedByAli says that Kendrick scrapped two to three albums worth of music leading up to TPAB. A now removed interview with Complex also reports that Kendrick recorded 30 to 40 songs prior to July 2014. It is very likely that there was some sort of project nearing completion, possibly ""Tu Pimp A Caterpillar"", however this is just speculation.",N/A,"Feb 9, 2016",Confirmed,Not Available,N/A
"1 Full
0 Tagged
0 Partial
0 Snippet(s)
0 OG File(s)
0 Stem Bounce(s)
1 Unavailable","To Pimp A Butterfly [V2]
(How Much A Dollar Cost, Tu Pimp A Caterpillar, To Pimp A Butterfly: a blank letter by Kendrick Lamar)","(Feburary 7th, 2014) (Kendrick visits and performs at South Africa)
(March 15th, 2015) (To Pimp A Butterfly is released)",,,"To Pimp a Butterfly is Kendrick Lamar’s second major label studio album, and third full-length project. It was released via Top Dawg Entertainment, Aftermath Entertainment, and Interscope Records. It followed his critically-acclaimed 2012 debut, good kid, m.A.A.d city. The album was very well-received upon release, eventually earning 11 Grammy nominations, and it has gone on to be hailed as one of the greatest hip-hop albums of all time.",,
To Pimp A Butterfly,"???
(with Kanye West)","Madlib stated that Kanye and Kendrick have 40 unreleased songs together, with his beats on most of the tracks. Confirmed by him on his first ever radio interview to Hot 97 on July 10, 2019. Begins at 24:45s. Most of these just turned out to be mumble demos with barely intelligble lyrics. however on Sep 23, 2024, on The Bootleg Kev Podcast, Consquence stated there is a Kanye & Kendrick tape, and that it just needs to be structered, but this could mean a multitude of things.",N/A,"Sep 23, 2024",Rumored,Not Available,https://www.youtube.com/watch?v=Tl-pfs87K1g?si=JL4IPIvO_W3ltsIo&t=3123
To Pimp A Butterfly,"To Pimp A Butterfly
(How Much A Dollar Cost, Tu Pimp A Caterpillar, To Pimp A Butterfly: a blank letter by Kendrick Lamar)","To Pimp a Butterfly is the third studio album by the American rapper Kendrick Lamar. It was released on March 15th, 2015, by Top Dawg Entertainment, Aftermath Entertainment and Interscope Records. ",1:18:51,"Mar 15, 2015",Full,Lossless,https://pillows.su/f/22210ed7be27016455c13734c11f3d85
"5 Full
0 Tagged
1 Partial
0 Snippet(s)
0 OG File(s)
0 Stem Bounce(s)
1 Unavailable","DAMN.
(What Happens On Earth, Stays On Earth., ain't nobody praying for me, GOD DAMN)","(March 15th, 2015) (To Pimp A Butterfly is released)
(March 4th, 2016) (untitled unmastered. is released)
(April 14th, 2017) (DAMN. is released)",,,"DAMN., Kendrick Lamar’s fourth studio album, was expected to be released on April 7, 2017, after he rapped these lines on “The Heart Part 4”: ""Y'all got ‘til April the 7th to get y'all shit together"". However, when the pre-order was released, it was announced that it would appear on Good Friday—April 14, 2017. This is Kendrick’s first full-length project since 2015’s To Pimp A Butterfly. In between the albums, Kendrick released the 8-track EP untitled unmastered.",,
DAMN.,"DAMN.
(What Happens On Earth, Stays On Earth., ain't nobody praying for me, GOD DAMN)","A 2016 copy of ""DAMN."" is reportably in circulation acording to Zaytop.",?:??,,Rumored,Not Available,N/A
DAMN.,"DAMN.
(What Happens On Earth, Stays On Earth., ain't nobody praying for me, GOD DAMN)","A March 1st, 2017 copy of ""DAMN."" based on the leaked March 1st, 2017 instrumentals, contains the beats of three songs that didn""t make the cut; LOVE. (Crown), BUZZ. & CLOUDS.. Out of order due to no numbering on the OG files, meaning the order of this version is unknown, but probably similar to release.",46:40,"Mar 1, 2017",Full,Beat Only,https://pillows.su/f/7402649602d8cd730328b6d40e48ab45
DAMN.,"DAMN.
(What Happens On Earth, Stays On Earth., ain't nobody praying for me, GOD DAMN)","A copy of DAMN. that leaked hours before release. Taken from a CD sent out to stores before release, but has diffrences compared to the release CD.",54:03,"Apr 14, 2017",Full,Lossless,https://pillows.su/f/0fcdb057bac9cea470f10078f3013899
DAMN.,"DAMN. [Physical Version]
(What Happens On Earth, Stays On Earth., ain't nobody praying for me, GOD DAMN)",Version of DAMN. released on the physical releases of the album.,54:03,"Apr 14, 2017",Full,Lossless,https://pillows.su/f/392bbd75689ad35e574384c96b7089c3
DAMN.,"DAMN.
(What Happens On Earth, Stays On Earth., ain't nobody praying for me, GOD DAMN)","DAMN. is the fourth studio album by American rapper Kendrick Lamar. It was released on April 14th, 2017.",54:54,"Apr 14, 2017",Full,Lossless,https://pillows.su/f/74913cc63864f8b20aeeb8bb2affae5a
DAMN.,"DAMN. COLLECTORS EDITION.
(What Happens On Earth, Stays On Earth., ain't nobody praying for me, GOD DAMN)","DAMN. COLLECTOR’S EDITION is the special re-release of Kendrick Lamar’s bestselling 2017 album DAMN., released December 8, 2017. Although the album features no bonus tracks, it rather sports a new cover and a reversed tracklist.",54:54,"Dec 8, 2017",Full,Lossless,https://pillows.su/f/4ba041f4a99d069934a9ceaa32200c8c
DAMN.,"Black Hippy 2
(with Black Hippy)","Alledgedly a Black Hippy album was in the works in 2016-2017 and was alledgedly titled ""Black Hippy 2"". Unknown why it was titled this as there is no official Black Hippy 1 project. It""s possible that it evolved into Black Panther but this is only speculation.",?:??,,Partial,High Quality,https://pillows.su/f/b28c4fe772ff61aec721ee84e5aa78f0
"0 Full
0 Tagged
0 Partial
0 Snippet(s)
0 OG File(s)
0 Stem Bounce(s)
0 Unavailable","Look Woman
(Look Woman, Amen!, Look Woman, Amen: A Horror Film by Kendrick L. Duckworth) ","(April 14th, 2017) (DAMN. is released)
(September 2017) (The song ""Style"" is being worked on)
(Feburary 9th, 2018) (Black Panther: The Album is released)
(Early 2019) (Kendrick scraps Look Woman)",,,"During the early stages of Everybody Sensitive, Kendrick worked on a side project titled Look Woman, uncommonly titled Look Woman, Amen!. There was a tracklist made for the project and only a bit of work was put into it before being scrapped altogether to focus on Mr. Morale. There are two versions of the album that were considered, one of a relationship focusing on women and another as a ""horror film"". The remaining songs were given to other artists like Beyoncé and Rihanna.",,
Look Woman,"Look Woman
(Look Woman, Amen!, Look Woman, Amen: A Horror Film by Kendrick L. Duckworth)","During the early stages of Everybody Sensitive, Kendrick worked on a side project titled Look Woman, uncommonly titled Look Woman, Amen!. There was a tracklist made for the project and only a bit of work was put into it before being scrapped altogether to focus on Mr. Morale. There are two versions of the album that were considered, one focusing on women and another as a ""horror film"".",?:??,,Confirmed,Not Available,N/A
"0 Full
0 Tagged
0 Partial
0 Snippet(s)
0 OG File(s)
0 Stem Bounce(s)
0 Unavailable","Everybody Sensitive [V1]
(An Audio Book By Kendrick L. Duckworth, Mr. Morale & The Big Steppers)","(Feburary 9th, 2018) (Black Panther: The Album is released)
(March 15th, 2020) (COVID-19 lockdowns occur)",,,"After Black Panther: The Album, Kendrick works on his next album with much anticipation, titled Everybody Sensitive. He planned for the album to be more personal. Things were going smoothly with a 2019 release date in mind but Kendrick was not able to finish the album by then, continuing his work into 2020. It""s assumed that Kendrick would""ve used pgLang""s YouTube channel as a way to promote his and Baby Keem""s next album due to the now deleted ""Visual Mission Statement"" video. Three known tracklists of the album exists, two from 2018 and a finalized version in 2019, which include notes from Kendrick about the concept, sound, producers, and samples.",,
Everybody Sensitive [V1],"Everybody Sensitive
(Mr. Morale, Mr. Morale & The Big Steppers)","An early version of Mr. Morale & The Big Steppers, made in 2019. The tracklist is known and a few songs comfirmed to be on the album have leaked, with alot of alternate versions for all the songs",?:??,,Partial,CD Quality,https://pillows.su/f/b57ee8a7822bbffa76dbeb7173c99ee2
"0 Full
0 Tagged
0 Partial
0 Snippet(s)
0 OG File(s)
0 Stem Bounce(s)
0 Unavailable","Mr. Morale [V2]
(Everybody Sensitive, Mr. Morale & The Big Steppers)","(March 15th, 2020) (COVID-19 lockdowns occur)
(August 2nd, 2021) (Kendrick works on the final version of Mr. Morale)",,,"Despite Kendrick's own delays and worldwide COVID lockdowns, he continued to work on the album at a steady pace. Songs received major reworks and by May, a 2020 version of the album was finished in the process of being mixed and mastered. However, Kendrick's team would delay finishing the rest of the album after May 5th since they agreed that COVID was going to delay future plans anyway. Kendrick worked on the album again around July-August 2020 to record the ""N95"" Music Video and the tap dancing, but the original sounds of the album started changing by late 2021.",,
Mr. Morale [V2],"???
(Everybody Sensitive, Mr. Morale, Mr. Morale & The Big Steppers)","May 2020 version of Mr. Morale & The Big Steppers, reportably in the mixing and mastering stages before COVID-19 hit and caused Kendrick to cancel this version of the album. possibly titled Everybody Sensitive, Mr. Morale, or Mr. Morale & The Big Steppers. Majority of the album tracks are known with 6 of them being leaked. Those being Bitch Face, Daddy Issues, Make Me Happy, Pocket Off, Overthink / Tranquilizer, I Want You.",?:??,,Partial,Lossless,https://pillows.su/f/97d4f44ce7c919691ca3b774ce01a212
"0 Full
0 Tagged
0 Partial
0 Snippet(s)
0 OG File(s)
0 Stem Bounce(s)
0 Unavailable","Mr. Morale [V3]
(Everybody Sensitive, Mr. Morale & The Big Steppers)","(August 2nd, 2021) (Kendrick works on the final version of Mr. Morale)
(May 13th, 2022) (Mr. Morale & The Big Steppers is released)",,,"Mr. Morale & The Big Steppers is the fifth studio album by American rapper Kendrick Lamar, released on May 13, 2022, by PGLang, Top Dawg Entertainment (TDE), Aftermath Entertainment, and Interscope Records. The double album is Lamar""s first studio album release since DAMN. (2017), his first album release under his creative collective PGLang, and his final project with TDE (under which he released four albums and was one of their flagship artists).",,
Mr. Morale [V3],"Mr. Morale & The Big Steppers
(Everybody Sensitive, Mr. Morale)","Mr. Morale & the Big Steppers is the fifth studio album by the American rapper Kendrick Lamar, released on May 13, 2022, by pgLang, Top Dawg Entertainment (TDE), Aftermath Entertainment, and Interscope Records.",1:18:38,"May 13, 2022",Full,Lossless,https://pillows.su/f/92d0504b0ac87e490155a54f62efc131
"1 Full
0 Tagged
0 Partial
0 Snippet(s)
0 OG File(s)
0 Stem Bounce(s)
0 Unavailable",GNX,"(May 13th, 2022) (Mr. Morale & The Big Steppers is released)
(July 20th, 2022) (Kendrick starts recording for GNX)
(November 22nd, 2024) (GNX is released)",,,"GNX is the sixth studio album by American rapper Kendrick Lamar. It was released as a surprise album through PGLang and Interscope Records on November 22, 2024. Titled after the Buick Regal model, and a follow-up to Mr. Morale & the Big Steppers (2022) and his feud with Canadian rapper Drake, GNX is Lamar""s first album after his departure from longtime labels Top Dawg Entertainment and Aftermath Entertainment.",,
GNX,GNX,"Kendrick Lamar’s GNX—his surprise-release sixth studio album—marks a monumental shift in his career. It is his first album to be released outside of the Top Dawg Entertainment umbrella and follows a high-profile feud with Drake. Released on November 22nd, 2024.",44:20,"Nov 22, 2024",Full,Lossless,https://pillows.su/f/017c013db2ab4ce865d2ee5a15bdd898
"0 Full
0 Tagged
0 Partial
0 Snippet(s)
0 OG File(s)
0 Stem Bounce(s)
0 Unavailable","Rap Album
(LP7, GNX Deluxe)","(11/22/2024) (GNX is released)
(??/??/2025) (GNX Deluxe is scrapped)
(Ongoing)",,,"Rumored rap album that was planned to drop April - May of 2024, told by a trustworthy insider. It""s likely that everything Kendrick made pre-beef was meant for this project. This project was most likely turned into a deluxe for GNX like SOS Deluxe: LANA and did fully exist at some point, but for some reason it never dropped and is likely scrapped.",,
Rap Album,"???
(Compton Cowboys, GNX Deluxe, LP7)",A copy of LP7 is in reportedly in circulation according to zaytop.,?:??,,Rumored,Not Available,N/A
"0 Full
0 Tagged
0 Partial
0 Snippet(s)
0 OG File(s)
0 Stem Bounce(s)
0 Unavailable","Compton Cowboys
(LP7)","(11/22/2024) (GNX is released)
(??/??/2025) (GNX Deluxe is scrapped)
(Ongoing)",,,"Rumored conceptual album that was planned to drop April - May of 2024, told by a trustworthy insider. Compton Cowboys was the working title of the album in 2023. The sound of the album is said to be similar to ""I Feel Something"". Another rumor would surface that the sound/tone of the album is going through phases similar to Mr. Morale. It""s likely to have been in some finished state at some point in time. There are rumors of him being in the mixing stages for new music and starting his rollout with billboards but that should be taken with a grain of salt.",,
Compton Cowboys,"???
(Compton Cowboys, GNX Deluxe, LP7)",A copy of LP7 is in reportedly in circulation according to zaytop.,?:??,,Rumored,Not Available,N/A