Era,Title,Notes,Copy Length,Leak Date,File Date,Available Length,Quality,Link(s)
"0 OG File(s)
0 Full
0 Tagged
0 Partial
0 Snippet(s)
0 Unavailable",The Younger I Get,"(09/25/1983) (Donald Glover is born on the Edwards Air Force Base in California)
(XX/XX/2005) (Donald self-distributes his first project under the ""Childish Gambino"" name at NYU)",,,,,,
The Younger I Get,Home [V2],"Mentioned by Chaz Kangas that there was a version made after the mixtape version of ""Home"".",,,,Rumored,Not Available,
"0 OG File(s)
0 Full
0 Tagged
0 Partial
0 Snippet(s)
0 Unavailable","Poindexter
(Young Buddy)","(06/05/2008) (Sick Boi, the first official release under the name ""Childish Gambino"", releases as a free mixtape)
(09/17/2009) (Poindexter is officially released)",,,,,,
Poindexter,Almost There [V1],Unfinished mix.,3:37,"Feb 22, 2023",,Full,CD Quality,https://pillows.su/f/e7341b589f2f3cd9e30abdc4c1d1337d
"0 OG File(s)
0 Full
0 Tagged
0 Partial
0 Snippet(s)
0 Unavailable",I AM JUST A RAPPER,"(09/17/2009) (Poindexter is officially released)
(01/05/2010) (I AM JUST A RAPPER is officially released)",,,,,,
I AM JUST A RAPPER,"Bitch, Look At Me Now (Two Weeks) [V1]",Unfinished mix.,3:12,"Feb 22, 2023",,Full,CD Quality,https://pillows.su/f/64fb86e7fa86bfdb36056944b90d6ef1
"0 OG File(s)
0 Full
0 Tagged
0 Partial
0 Snippet(s)
0 Unavailable","Culdesac
The Culdesac","(02/04/2010) (I AM JUST A RAPPER 2 officially releases)
(07/03/2010) (Culdesac officially releases)",,,,,,
Culdesac,Difference [V1],"OG Filename: 01 Difference (FINAL ROUGH)
Unfinished mix.",4:30,"Feb 22, 2023",,OG File,CD Quality,https://pillows.su/f/abff16a26deba348507138018ed0e9ad
"0 OG File(s)
0 Full
0 Tagged
0 Partial
0 Snippet(s)
0 Unavailable",EP,"(07/03/2010) (Culdesac officially releases)
(03/08/2011) (EP officially releases.)",,,,,,
EP,🏆 Ghost Story,Song registered on music databases and copyright. Grouped with 'EP.',,,,Confirmed,Not Available,
"0 OG File(s)
0 Full
0 Tagged
0 Partial
0 Snippet(s)
0 Unavailable",ROYALTY,"(11/15/2011) (Camp is officially released)
(07/04/2012) (ROYALTY is officially released)",,,,,,
ROYALTY,Make It Go Right,"OG Filename: Childish Gambino Make It Go Right (ft Kilo Kish) 
main mix 320615 DMP.hi
An OG File for Make It Go Right Mixing.",4:24,"Jun 12, 2024",,OG File,CD Quality,https://pillows.su/f/2ea16093895450720ada48bb7be8cf76
"0 OG File(s)
0 Full
0 Tagged
0 Partial
0 Snippet(s)
0 Unavailable",Because The Internet,"(07/04/2012) (ROYALTY is officially released)
(12/10/2013) (Because The Internet is officially released)",,,,,,
Because The Internet,"🏆 Crawl [V1]
(prod. Donald Glover & Christian Rich)
(I. Crawl)",Stefan Ponce confirmed in 2014 that the original Crawl sample was James Brown but was changed after it couldn't be cleared.,,,,Confirmed,Not Available,
"0 OG File(s)
0 Full
0 Tagged
0 Partial
0 Snippet(s)
0 Unavailable",STN MTN / Kauai,"(12/10/2013) (Because The Internet is officially released)
(10/03/2014) & (10/04/2014) (STN MTN / Kauai is officially released)",,,,,,
STN MTN / Kauai,⭐ All Night,"Song recorded in 2014 (could be from earlier as it was encoded with a 2013 version of Logic Pro). Unrelated to the song of the same name from 2018. Has 30 seconds of open in the beginning with the rest having minimal mumble vocals. Leaked after a $300 blind buy on April 11th, 2023.",2:57,"Apr 11, 2023",,OG File,High Quality,https://pillows.su/f/23c00cc2bdf86ec6487be21d1215fa19
"0 OG File(s)
0 Full
0 Tagged
0 Partial
0 Snippet(s)
0 Unavailable","""Awaken, My Love!""
(Operation Highjump!)","(10/03/2014) & (10/04/2014) (STN MTN / Kauai is officially released)
(12/02/2016) (""Awaken, My Love"" is released)",,,,,,
"""Awaken, My Love!""",Me and Your Mama [Live Version],"Version of a song performed at Bonnaroo 2015. Has some production differences, different background vocals, and slightly different structure.",~6:30,"Jun 13, 2015",,Full,Recording,https://pillows.su/f/36dc11a3ab3e898d890f9bc4fececbdd
"0 OG File(s)
0 Full
0 Tagged
0 Partial
0 Snippet(s)
0 Unavailable","Untitled*
(Collaboration with Chance The Rapper)","(03/06/2018) (Chance talks about recording music with Donald in Atlanta on Twitter.)
(06/28/2018) (Chance talks about collab project with Donald on Complex with Peter Rosenberg.)",,,,,,
Untitled*,"⭐️ Do You Believe [V1]
(feat. ???)","OG Filename: 01 DoYouBelieve
Earlier version of ""Do You Believe"". One of six snippets leaked by waterfalls on October 16th, 2021. Unknown if this predates Chance's snippet as the vocals sound more rough. Features vocals from an unidentified female vocalist.",2:54,"Oct 31, 2023",,OG File,CD Quality,https://pillows.su/f/ef5cda33f01d87d5ccec8efa6820c6ce
"0 OG File(s)
0 Full
0 Tagged
0 Partial
0 Snippet(s)
0 Unavailable","Atavista [V1]
(Almanac, 3.15.20)","(12/02/2016) (""Awaken, My Love"" is released)
(10/12/2019) (This Is America Festival Tour ends)",,,,,,
Atavista [V1],"Algorythm [V1]
(prod. E.Y & Kurtis McKenzie)
(Algorhythm)","Sample flip by E.Y of an in house sample Kurtis McKenzie had created on a Prophet Synth as part of a pack of samples. Drums described as made to not fit a specific genre, unkown if the same as later versions. Was later sent to DJ Dahi by Kurtis.",,,,Confirmed,Not Available,
"0 OG File(s)
0 Full
0 Tagged
0 Partial
0 Snippet(s)
0 Unavailable","3.15.20
(Atavista)","(10/12/2019) (This Is America Festival Tour ends)
(03/22/2020) (3.15.20 is released)",,,,,,
3.15.20,3.15.20 (Unmastered),"Unmastered version of 3.15.20 that was sent to a master engineer on March 20th, 2020. The songs have real titles instead of timestamps. Possibly owned by a member of the community.",,,"Mar 20, 2020",Confirmed,Not Available,
"0 OG File(s)
0 Full
0 Tagged
0 Partial
0 Snippet(s)
0 Unavailable","Atavista [V2]
(3.15.20)","(03/22/2020) (3.15.20 is released)
(03/15/2024) (Donald posts on his Instagram a tracklist for ATAVISTA)
(05/13/2024) (Atavista is released)",,,,,,
Atavista [V2],Atavista [V5],"Version of ""Atavista"" posted on Donald's instagram story in his Apple Music local files.",,"Mar 15, 2024",,Confirmed,Not Available,
"0 OG File(s)
0 Full
0 Tagged
0 Partial
0 Snippet(s)
0 Unavailable",Bando Stone and The New World,"(03/22/2020) (3.15.20 is released)
(05/13/2024) (Atavista is released)
(07/19/2024) (Bando Stone and The New World is released)",,,,,,
Bando Stone and The New World,"How I Feel [V1]
(H3@rt$ W3re M3@nt T0 F7¥)","Donald stated during the 'Bando Stone and The New World' listening party that the original version of ""How I Feel"" was made during COVID. First song he made for Bando that gave him the signature sound he wanted.",,,,Confirmed,Not Available,
