Era,Name,Notes,Image / Length,Date Made,"Leak
Date",Type,Available Length,Quality,Link(s)
,Culdesac,,,,,,,,
Culdesac,,,,,,,,,
,EP,,,,,,,,
,Camp,,,,,,,,
,Music Videos,,,,,,,,
Camp,"Fire Fly [Music Video]
(dir. Mitch deQuilettes)","Official music video for 'Fire Fly', released July 24th, 2012.",3:39,,"Jul 24, 2012",Music Video,Full,CD Quality,https://vimeo.com/46259487
,Because The Internet,,,,,,,,
,Music Videos,,,,,,,,
Because The Internet,Crawl [Music Video],Uncomfirmed music video for Crawl by one of the BTI videographers Paul Cockroft.,3:38,,"Mar 17, 2014",Music Video,Rumored,Not Available,https://vimeo.com/89314053
Because The Internet,"Sweatpants [Alternate Music Video]
(dir. Jason Chen)","Original music video filmed for Sweatpants by Jason Chen, before it was reshot and directed by Hiro Murai.",,,,Music Video,Confirmed,Not Available,
Because The Internet,"Sweatpants [Music Video]
(dir. Hiro Murai)","Official video for 'Sweatpants', released April 14th, 2014.",4:17,,"Apr 14, 2014",Music Video,Full,CD Quality,https://vimeo.com/92592443
Because The Internet,"3005 [Music Video]
(dir. Hiro Murai)","Official video for '3005', released December 6th, 2013.",4:15,,"Dec 6, 2013",Music Video,Full,CD Quality,https://vimeo.com/82068345
Because The Internet,"Telegraph Ave [Music Video]
(dir. Hiro Murai)","Official video for 'Telegraph Ave', released October 10th, 2014.",4:56,,"Oct 10, 2014",Music Video,Full,CD Quality,https://vimeo.com/109198422
,STN MTN / Kauai,,,,,,,,
,Music Videos,,,,,,,,
STN MTN / Kauai,"Sober [Music Video]
(dir. Hiro Murai)","Official video for 'Sober', released on January 10th, 2015.",4:43,,"Jan 10, 2015",Music Video,Full,CD Quality,https://vimeo.com/116634367
,"""Awaken, My Love!""
(Operation Highjump!)",,,,,,,,
"""Awaken, My Love!""",,,,,,,,,
,Atavista [V1],,,,,,,,
,Music Videos,,,,,,,,
Atavista [V1],"This Is America
(dir. Hiro Murai) (featuring SZA)","Official video for 'This Is America', released on May 6th, 2018.",4:04,,"May 6, 2018",Music Video,Full,CD Quality,https://vimeo.com/276794240
,Live Performances,,,,,,,,
Atavista [V1],"Algorythm [Bonnaroo Live Version]
(prod. Donald Glover & DJ Dahi)
(Algorhythm)","Song performed as track 2 during the second European leg for the This Is America tour and throughout US festivals in 2019. Contains very different production from other versions and additional choir vocals and Donald vocals on the outro. Concert version from the Bonnaroo 2019 sessions groupbought for $700 alongside the stems on Feburary 9th, 2023.",5:16,,"Feb 9, 2023",Live Performance,Full,Lossless,https://mega.nz/folder/pz9XXTxZ#TiZy8YC92tu310_laghDew
Atavista [V1],Atavista [Bonnaroo Live Version],"The opening song for the This Is America Tour and the rest of Childish Gambino's final shows throught 2018-2019. Concert version from the Bonnaroo 2019 sessions groupbought with stems for $700 on February 9th, 2023.",1:57,,"Feb 9, 2023",Live Performance,Full,Lossless,https://mega.nz/folder/6VUzBBTY#zNHDPHDXBgL9o3OcDZ_0jA
Atavista [V1],"Feels Like Summer [Bonnaroo Live Version]
(feat. Travis Scott) (prod. Donald Glover & Ludwig Göransson)
(It Feel Like Summer, 42.26)","Version of Feels Like Summer used during various shows in 2019. Contains both Travis Scott and Donald Glover on the chorus, as well as production and mix differences from the final version. Leaked with stems on February 16, 2023 after a successful groupbuy for $2000.",3:48,,"Feb 16, 2023",Live Performance,Full,Lossless,Link Needed
Atavista [V1],"Human Sacrifice [Bonnaroo Live Version]
(prod. DJ Dahi, Ludwig Göransson & Ely Rise)
(39.28, Human Dilemma, Party, Why Go To The Party)","Played during European stops on the This Is America tour & festivals in 2019. Live version of Human Sacrifice [V5]. Bonnaroo 2019 version leaked with stems after a $2000 private groupbuy. Two versions available with one having live takes on the verses, and the other with pure CDQ vocals on the choruses & choir segments.",6:12,,"Feb 16, 2023",Live Performance,Full,Lossless,https://mega.nz/folder/GF8WFLQJ#BQGtqgMJRtvcKblYUCWNwg
Atavista [V1],Saturday [SNL Version],"Version performed on SNL on May 5th, 2018. Also performed live on earlier stops during the This Is America tour, PHAROS New Zealand & the 'Guava Island' film. ",3:18,,"May 5, 2018",Live Performance,Full,Recording,https://pillows.su/f/2439502aa00b03e2480fba6abdd50065
Atavista [V1],Saturday [Live Version],"Version of Saturday exclusively performed on December 17th, 2018 during the This Is America tour at The Forum in Los Angeles, California. Has production differences and has an extended outro. An extended version of this song in CD Quality likely exists somewhere.",~5:37,,"Dec 17, 2018",Live Performance,Full,Recording,Link Needed
Atavista [V1],"Shock [Coachella Live Version - Week 1]
(feat. Brent Jones and The Best Life Singers) (prod. DJ Dahi & Ludwig Göransson)
(32.22)","Debuted during Donald's Coachella 2019 set on April 12th, 2019. Full HQ leaked with extremely loud volume on March 16th, 2023 after being included as a bonus for the Algorhythm + Die With You + Time groupbuy.",3:14,,"Mar 16, 2023",Live Performance,Full,High Quality,https://pillows.su/f/e378fab700265fe79b6d1378fb39abe2
Atavista [V1],"Shock [Coachella Live Version - Week 2]
(feat. Brent Jones and The Best Life Singers) (prod. DJ Dahi & Ludwig Göransson)
(32.22)","Played during Donald's Coachella 2019 set on April 19th, 2019. Full CDQ leaked on March 16th, 2023 after being included as a bonus for the Algorhythm + Die With You + Time groupbuy.",4:33,,"Mar 16, 2023",Live Performance,Full,CD Quality,https://pillows.su/f/2b004b97750670fd467e7cce3399fd58
Atavista [V1],"This Is America [SNL Version]
(prod. Donald Glover & Ludwig Göransson)
(Capitalism)","Version of This Is America performed live on SNL on May 5th, 2018.",3:46,,"May 5, 2018",Live Performance,Full,CD Quality,https://pillows.su/f/f3f5ebfcc4b94ff4f885a429b6853719
Atavista [V1],⭐ Coachella 2019 Week 1 & 2,"Official Coachella video feed of both his April 12th and April 19th, 2019 performances. ",,,"Mar 21, 2023",Live Performance,Full,High Quality,"Week 1
Week 2"
,"3.15.20
(Atavista)",,,,,,,,
3.15.20,,,,,,,,,
,"Atavista [V2]
(3.15.20)",,,,,,,,
Atavista [V2],"Little Foot Big Foot [Music Video]
(dir. Hiro Murai)",Mentioned by Donald on GILGA Radio that a music video for 'Little Foot Big Foot' was shot by Hiro Murai.,,,,Music Video,Confirmed,Not Available,
Atavista [V2],To Be Hunted [Music Video],"Teased by Donald on the 'childishgambino' Instagram on April 18th, 2024.",,,,Music Video,Confirmed,Not Available,
Atavista [V2],??? [Music Video],Teased by Donald on the 'childishgambino' Instagram page with sketch outlines of himself and an unknown female figure. Unknown for which song on the album this video is for but it is most likely for 'Psilocybae (Millenial Love)' considering the lyrical content of the song.,,,,Music Video,Confirmed,Not Available,
,Bando Stone In The New World,"(03/22/2020) (3.15.20 is released)
(05/13/2024) (Atavista is released)
(07/19/2024) (Bando Stone and The New World is released)",,,,,,,
,Sessions,,,,,,,,
Bando Stone and The New World,"GILGA Radio - Episode 1
(Hosted by Simone Reed) (featuring Donald Glover, Lil Yachty, Eric Andre, Tyler, The Creator, Chris Rock, Vince Staples, Steven Yeun, Tierra Whack, Zoë Kravitz, Quinta Brunson, Steve G. Lover, Billie Eilish & Shane Gillis)","The inagural episode of GILGA Radio, streamed live from Donald's Instagram and locally on 104.3FM in the California state area on April 14th, 2024 at 11pm PT.

Setlist:
Doja Cat - OKLOSER
Concrete Boys & Lil Yachty - PIMPIN AIN’T EASY
Fousheé - simmer down
Lola Young - Conceited
AUGUST 08 - Cutlass (feat. ScHoolboy Q)
Tierra Whack - MOOVIES
Azealia Banks - 1991
DJ Deeon - Let Me Bang
Tom Misch - Gypsy Woman (Quarantine Sessions)
Jungle - Back On 74 [Sped Up]
Kelis- Millionare (feat. Andre 3000)
Cash Cobain & Bay Swag - Fisherrr
PinkPantheress & Ice Spice - Boy’s a liar, Pt. 2
ScHoolboy Q - THank god 4 me
Lucile Ghatti - On To Me
Eddie Chacon - Step By Step
Radiohead - Weird Fishes / Arpeggi
🏆 Childish Gambino - Mid Life
Flo Milli - Never Lose Me (feat. SZA & Cardi B)
Kodak Black - Lemme See
Yeat - Nun id change
2 Chainz & Lil Wayne - Long Story Short
Gordon Lightfoot - The Wreck of the Edmund Fitzgerald
🏆 Childish Gambino - Little Foot Big Foot (feat. Young Nudy)
Eddie Okwedy - Happy Survival
🏆 Childish Gambino - Human Sacrifice",92:51,,"Apr 14, 2024",Other,Full,CD Quality,https://pillows.su/f/e33c879feb624317bf75686e0c762bef
Bando Stone and The New World,"GILGA Radio - Episode 2
(Hosted by Simone Reed) (featuring Yeat, Ayo Edebri, Nathan Fielder & Eddie Murphy)","Second episode of GILGA Radio livestreamed on the donaldglover Instagram page on April 22nd, 2024.


Setlist:
ImJaden - Pastor Patrick sings Never Would have made it.FULL VERSION[made with kits.ai]
J.P. - Bad Bitty
UnoTheActivist - Night Mode (feat. 2gramcam)
Nemzzz - IT’S US (feat. Lil Yachty)
RiFF RAFF - Stars in the Roof of My Car (feat. Mellow Rackz)
Shawty Lo - Dey Know
Glass Candy - Rolling Down the Hills
PinkPantheress - Attracted To You
Wham! - Everything She Wants
Mk.gee - Are You Looking Up
OG Spliff & TiaCorine - Luv Me
Cochise - TURN IT UP
iLoveMemphis - Hit the Quan
Sleigh Bells - Infinity Guitars
Turnstile - MYSTERY
Kilo Kish - ATTENTION POLITICIAN
Gesaffelstein & The Weeknd - Lost In The Fire
White Town - Your Woman
Kid Creole & The Coconuts - Verily Verily Verily
Jungle - Dominoes
Young Thug - Hot (feat. Gunna)
Playboi Carti - Cult Classic (fanmade)
Mariah the Scientist - Church
Laila! - Like That!
Olivia Rodrigo - obsessed
🏆 Childish Gambino - Say Less (feat. Kanye West)
🏆 Childish Gambino - ???
Zebra Katz - Ima Read (feat. Njena Reddd Foxxx)
The Prodigy - Breathe
Nicki Minaj - Everybody (feat. Lil Uzi Vert)
03 Greedo - Crimey
Black Moth Super Rainbow - Twin of Myself
DJ Chipman - Beem Ahhh
Lumidee - Never Leave You (Uh Oooh, Uh Oooh)
Ravyn Lenae - Like You Do
Teezo Touchdown - Nu Nay
Charles Stepney - That’s the Way of the World
The Soggy Bottom Boys - I Am a Man of Constant Sorrow
🏆 Childish Gambino - Warlords (feat. Kid Cudi)
Letta Mbulu - What’s Wrong With Groovin",69:29,,"Apr 22, 2024",Other,Full,CD Quality,https://pillows.su/f/b33f61526cdb9ddfa5f1a94a69a5188c
