Era,Name,Notes,Track Length,Release Date,Type,Streaming,Link(s)
"To view only songs that are not on streaming, right-click the G column and click ""Sort sheet A to Z""!
Do NOT do this if you are an Editor!"
"0 Album Tracks
0 Singles
4 Features
0 Productions
0 Removed
0 Remixes
0 Other",Lonny Breaux,"(2007-2008) Lonny scraps Broken Glass
(Late 2009) Lonny signs to Def Jam",,"Lonny scraps Broken Glass sometime between 2007 and 2008. After establishing contact with people in the music industry. He recorded some demos at a friend's studio and shopped them around Los Angeles. After getting a songwriting deal, he started working with other record producers and wrote songs for many large artists. In late 2009, Breaux had signed a contract with Def Jam Records as a solo artist. He was initially unable to build a relationship with the company."
,Features
Lonny Breaux,"Noel Gourdin - I Fell
(feat. Brandy) (add. Frank Ocean) (prod. Dapo Torimiro & Midi Mafia)","Song by Noel Gourdin on his album ""After My Time."" Released July 22nd, 2008. Written by Christopher Breaux.",3:42,"Oct 8, 2008",Feature,Yes,https://open.spotify.com/track/1U0OMWvR89Cm20vCNar50f?si=db217bb6e9294a18
Lonny Breaux,"John Legend - Quickly
(feat. Brandy) (add. Frank Ocean) (prod. Dapo Torimiro & Midi Mafia)","Song by John Legend on his album ""Evolver."" Released October 8th, 2008. Written by and has background vocals by Christopher Breaux.",3:42,"Oct 8, 2008",Feature,Yes,https://open.spotify.com/track/1U0OMWvR89Cm20vCNar50f?si=db217bb6e9294a18
Lonny Breaux,"Brandy - 1st & Love
(prod. Hit-Boy & Chase N. Cashe)","Song by Brandy on her album ""Human."" Released December 5th, 2008. Written by Christopher Breaux.",3:17,"Dec 5, 2008",Feature,Yes,https://open.spotify.com/track/14TUOH0rE3BV7wbZU6gMZ3?si=0d0fb64b952e4721
Lonny Breaux,"Brandy - Locket (Locked In Love)
(prod. Brian Kennedy)","Song by Brandy on her album ""Locket (Locked In Love)."" Released December 5th, 2008. Written by Christopher Breaux.",3:17,"Dec 5, 2008",Feature,Limited,https://open.spotify.com/track/14TUOH0rE3BV7wbZU6gMZ3?si=0d0fb64b952e4721
"2 Mixtapes
14 Mixtape Tracks
0 Loosies
15 Features
0 Singles
1 Remixes
0 Other","nostalgia, ULTRA.
(Triptape)","(Late 2009) Frank joins Odd Future.
(Feburary 16th, 2011) nostalgia, ULTRA. officially releases.",,"Breaux decided to join rap collective Odd Future. Breaux had silently started work on an album under Def Jam's nose. Originally slated for a July 4th, 2010 release under the name ""Triptape,"" it was delayed for an unknown reason. While working on the album, Breaux had decided to adopt a new stage name, ""Frank Ocean."" After seemingly no promotion, ""Nostalgia ULTRA."" was released online for free in February 2011."
,Mixtape Tracks
"nostalgia, ULTRA.",street fighter,"Track 1 from Frank Ocean's album ""nostalgia, ULTRA."" Released on February 16th, 2011.",0:22,"Feb 16, 2011",Mixtape Track,No,https://pillows.su/f/6803dc715ea6ed038759c1bd7ebcb38a <https://pillows.su/f/23c60c6688f735bdb13bbd13e12af514>
"nostalgia, ULTRA.","strawberry swing
(prod. Rik Simpson, Jon Hopkins, Brian Eno & Markus Dravs)","Track 2 from Frank Ocean's album ""nostalgia, ULTRA."" Released on February 16th, 2011. Samples ""Strawberry Swing"" by Coldplay <https://www.youtube.com/watch?v=h3pJZSTQqIg&t=1s>.",3:55,"Feb 16, 2011",Mixtape Track,No,https://pillows.su/f/072bcd4657b0be961b8ad3b628d13ec5 <https://pillows.su/f/8a8709b981db2fe4d3ca52bfb50386e3>
"nostalgia, ULTRA.","Novacane
(prod. Tricky Stewart)","Track 3 from Frank Ocean's album ""nostalgia, ULTRA."" Released on February 16th, 2011. Officially put on streaming on May 31st, 2011.",5:02,"Feb 16, 2011",Mixtape Track,Yes,"https://pillows.su/f/bb4552c1442b43a5229abc01572f42bf
https://pillows.su/f/cab353ae04956e650525a468a480c0de"
"nostalgia, ULTRA.","we all try
(prod. Happy Perez)","Track 4 from Frank Ocean's album ""nostalgia, ULTRA."" Released on February 16th, 2011.",2:51,"Feb 16, 2011",Mixtape Track,No,https://pillows.su/f/8e293920f37fa4035f0b3328b6bc62ff
"nostalgia, ULTRA.","bitches talkin'
(prod. Nigel Godrich & Radiohead)","Track 5 from Frank Ocean's album ""nostalgia, ULTRA."" Released on February 16th, 2011.",0:22,"Feb 16, 2011",Mixtape Track,No,https://pillows.su/f/8520d3296d624da9a1784bde6c0a1ccd
"nostalgia, ULTRA.","songs for women
(prod. Happy Perez)","Track 6 from Frank Ocean's album ""nostalgia, ULTRA."" Released on February 16th, 2011.",4:13,"Feb 16, 2011",Mixtape Track,No,https://pillows.su/f/f2ee6e4359eb9e2ee1e1e64ceafee84d
"nostalgia, ULTRA.","lovecrimes
(prod. Troy NōKA)","Track 7 from Frank Ocean's album ""nostalgia, ULTRA."" Released on February 16th, 2011.",4:00,"Feb 16, 2011",Mixtape Track,No,https://pillows.su/f/915525689e8cf424d6f6eff2dc5d9b45
"nostalgia, ULTRA.","goldeneye
(prod. Mr. Hudson)","Track 8 from Frank Ocean's album ""nostalgia, ULTRA."" Released on February 16th, 2011.",0:18,"Feb 16, 2011",Mixtape Track,No,https://pillows.su/f/cef9be9903e19b453b9252ed675cb01b
"nostalgia, ULTRA.","there will be tears
(prod. Troy NōKA & Mr. Hudson)","Track 9 from Frank Ocean's album ""nostalgia, ULTRA."" Released on February 16th, 2011.",2:51,"Feb 16, 2011",Mixtape Track,No,https://pillows.su/f/a25d61e6bcbd7d7f01526946340e35a8
"nostalgia, ULTRA.","Swim Good
(prod. Midi Mafia)","Track 10 from Frank Ocean's album ""nostalgia, ULTRA."" Released on February 16th, 2011. Officially put on streaming on October 18th, 2011. The streaming version is slightly different and is in lower quality.",4:16,"Feb 16, 2011",Mixtape Track,Yes,"https://pillows.su/f/05cb487a025499ebcd878c169c874622
 <https://pillows.su/f/9965d07ba66434eb34e959331bdd8cd1>https://pillows.su/f/a5602e39e3efb0822e06b4515c022018"
"nostalgia, ULTRA.","dust
(prod. Maejor & Troy NōKA)","Track 11 from Frank Ocean's album ""nostalgia, ULTRA."" Released on February 16th, 2011.",2:33,"Feb 16, 2011",Mixtape Track,No,https://pillows.su/f/62bc7834db93b8542689aa4aa665470c <https://pillows.su/f/77e776dc8054325311cc3ffaab3ce93f>
"nostalgia, ULTRA.","american wedding
(feat. James Fauntleroy) (prod. James Fauntleroy & Bill Szymczyk)","Track 12 from Frank Ocean's album ""nostalgia, ULTRA."" Released on February 16th, 2011. Samples ""Hotel California"" by The Eagles. <https://www.youtube.com/watch?v=dLl4PZtxia8>",7:00,"Feb 16, 2011",Mixtape Track,No,https://pillows.su/f/08e5e72f8ba515276c8425016ca80dc1 <https://pillows.su/f/b0d973946d734d9dc056320010d331c0>
"nostalgia, ULTRA.","soul calibur
(prod. MGMT)","Track 13 from Frank Ocean's album ""nostalgia, ULTRA."" Released on February 16th, 2011.",0:18,"Feb 16, 2011",Mixtape Track,No,https://pillows.su/f/75b9f6feb37f21853abe7d9752fc3a26 <https://pillows.su/f/7ab8a39ba67654843afb193924d172ff>
"nostalgia, ULTRA.","nature feels
(prod. MGMT)","Track 14 from Frank Ocean's album ""nostalgia, ULTRA."" Released on February 16th, 2011. Samples ""Electric Feel"" by MGMT <https://www.youtube.com/watch?v=MmZexg8sxyk>.",3:43,"Feb 16, 2011",Mixtape Track,No,https://pillows.su/f/13a0d71c44c4c78c931d66773a0a428c <https://pillows.su/f/e64cb803a10541a7a0b0febb92eaf8ec>
"nostalgia, ULTRA.","nostalgia, ULTRA. [Tumblr Copy]",M4A AAC 256Kbps 44Khz version of the album.,42:36,"Feb 16, 2011",Mixtape,No,https://pillows.su/f/70f734fdead0f9d2929cac2d90430d41
"nostalgia, ULTRA.","nostalgia, ULTRA. [Odd Future Copy]","MP3 192Kbps version of the album. That was posted on Odd Future official website back in March 23rd, 2011.",42:50,"Mar 23, 2011",Mixtape,No,https://pillows.su/f/60ac591936bbc0b0887b774e37a4babb
,Features
"nostalgia, ULTRA.","Bishop Lamont - Get My Gun
(feat. Frank Ocean & Twiz) (prod. Twiz)","Track 3 on The Shawshank Redemption: Angola 3 by Bishop Lamont. Released on October 1st, 2010. Featuring Frank Ocean and Twiz.",3:48,"Oct 1, 2010",Feature,Yes,https://open.spotify.com/track/17meln86XMXI56FzQqBECo?autoplay_ok=1 <https://open.spotify.com/track/0e3yW24pAKiiJfrG9idB0B?si=bb9bc92142d54364>
"nostalgia, ULTRA.","Domo Genesis - Steamroller
(feat. Frank Ocean & Hodgy) (prod. Tyler, The Creator)","Track 7 on Domo Genesis' debut mixtape ""Rolling Papers"" and track 11 on 12 Odd Future Songs.",4:42,"Aug 30, 2010",Feature,Yes,https://open.spotify.com/track/0e3yW24pAKiiJfrG9idB0B?si=bb9bc92142d54364
"nostalgia, ULTRA.","Kent M$ney - Gotta Be
(feat. Frank Ocean)","Song by Kent M$ney on his album ""Becoming."" Released September 10th, 2010. Features Frank Ocean. The song is only available on Apple Music.",2:30,"Sep 10, 2010",Feature,Limited,"https://music.apple.com/us/song/gotta-be-feat-frank-ocean/1376922747
https://pillows.su/f/8d647e35978d02909a254df4dd617858"
"nostalgia, ULTRA.","MellowHype - Hell
(feat. Frank Ocean)","Song by MellowHype on his album ""BlackenedWhite."" Released October 31st, 2010. Features Frank Ocean. The song is only available on Qobuz.",3:33,"Oct 31, 2010",Feature,Limited,"https://www.qobuz.com/us-en/album/mellowhypeweek-mellowhype/0669913362416
https://pillows.su/f/1a25b040d2bec33110cdf72ea8f490d1"
"nostalgia, ULTRA.","MellowHype - Rico
(feat. Frank Ocean)","Song by MellowHype on his album ""BlackenedWhite."" Released October 31st, 2010. Features Frank Ocean.",2:35,"Oct 31, 2010",Feature,Yes,https://open.spotify.com/track/5GJNPgGnX5JRaD25pASJIO?si=ff29fade48ee4c68
"nostalgia, ULTRA.","Odd Future - Swag Me Out
(feat. Jasper Dolphin, Left Brain, Hodgy, Earl Sweatshirt, Mike G, Travis Bennett & Tyler, The Creator) (prod. DJ Fletch)","Song by Odd Future on their album ""Radical."" Released May 7th, 2010. Features uncredited vocals from Syd and Frank Ocean.",2:35,"May 7, 2010",Feature,No,https://pillows.su/f/748e7986746560eaa2146aca8f0936c2
"nostalgia, ULTRA.","Tyga - Reminded
(prod. Michael Keenee & Happy Perez)","Remix released by Tyga on his album ""Black Thoughts 2"". Released on April 12th, 2011. Instrumental is sightly different compared to ""we all try"".",3:02,"Apr 12, 2011",Remix,No,https://pillows.su/f/916a2ba03841079c3039be80142312e4
"nostalgia, ULTRA.","Tyler, The Creator - She
(feat. Frank Ocean) (prod. Tyler, The Creator)","Song by Tyler, The Creator on his album ""Goblin."" Released May 10th, 2011. Features Frank Ocean.",4:13,"May 10, 2011",Feature,Yes,https://open.spotify.com/track/0SA0mMXWh23raZ6xzOCU2V?si=7aa463ea1c3b48f4
"nostalgia, ULTRA.","Tyler, The Creator - She [Clean]
(feat. Frank Ocean) (prod. Tyler, The Creator)","Song by Tyler, The Creator on his album ""Goblin."" Released May 10th, 2011. Features Frank Ocean. Clean version of this track is only exclusive to CD.",4:15,"May 10, 2011",Feature,No,https://pillows.su/f/d3e8545b568b4e8624b5fc0b8489d9b8
"nostalgia, ULTRA.","Tyler, The Creator - Fish / Boppin' Bitch
(prod. Tyler, The Creator)","Song by Tyler, The Creator on his album ""Goblin."" Released May 10th, 2011. Features uncredited vocals from Frank Ocean & Syd.",8:00,"May 10, 2011",Feature,Yes,https://open.spotify.com/track/6VkmMpgrvypnV9dTLwaDdW?si=TEk-4FGtSluxYtJVW4HOCg&utm_source=copy-link <https://open.spotify.com/track/0hHDsP3aHpnOq4uvCdiCdC?si=f21ac513982d4661>
"nostalgia, ULTRA.","Tyler, The Creator - Window
(feat. Frank Ocean, Hodgy, Domo Genesis & Mike G) (prod. Tyler, The Creator)","Song by Tyler, The Creator on his album ""Goblin."" Released May 10th, 2011. Features Frank Ocean , Hodgy, Domo Genesis & Mike G.",8:00,"May 10, 2011",Feature,Yes,https://open.spotify.com/track/0hHDsP3aHpnOq4uvCdiCdC?si=f21ac513982d4661
"nostalgia, ULTRA.","Beyoncé - I Miss You
(prod. Beyoncé & Shea Taylor)","Released on Beyoncé's Album ""4,"" it was written by Frank. Small portion of vocals from the reference track can be heard at the very beginning of the release song. Performed by Frank live in 2011 with a live instrumental completely different than release.",2:59,"Jun 24, 2011",Feature,Yes,https://open.spotify.com/track/6Vv9wMxIc6OKRluQefy441?si=d1fc076142bb4ec4
"nostalgia, ULTRA.","JAŸ-Z & Kanye West - No Church In The Wild
(feat. Frank Ocean & The-Dream) (prod. Om’Mas Keith, MIKE DEAN, 88-Keys & Kanye West)","Song by JAŸ-Z & Kanye West on their album ""Watch The Throne."" Released August 8th, 2011. Features Frank Ocean & The-Dream.",4:32,"Aug 8, 2011",Feature,Yes,https://open.spotify.com/track/3Osd3Yf8K73aj4ySn6LrvK?si=5d1334805349474e
"nostalgia, ULTRA.","JAŸ-Z & Kanye West - Made In America
(feat. Frank Ocean) (prod. SAK PASE)","Song by Jay-Z & Kanye West on their album ""Watch The Throne."" Released August 8th, 2011. Features Frank Ocean.",4:52,"Aug 8, 2011",Feature,Yes,https://open.spotify.com/track/4Mx5gDSGBHbrsgJR7r1QwJ?si=9c5b86bf09fa4193
"nostalgia, ULTRA.","Stacey Barthe - Without You
(feat. Frank Ocean) (prod. B.CaRR)","Song by Stacy Barthe on his album ""Sincerely Yours EP."" Released August 29th, 2011. Features Frank Ocean.",5:50,"Aug 29, 2011",Feature,No,https://pillows.su/f/bd2ed09212d91b40d022b12320000b15
"nostalgia, ULTRA.","Bridget Kelly - Thinking About Forever
(prod. Frank Ocean & Shea Taylor)","Song by Bridge Kelly on her EP ""Every Girl."" Released October 19th, 2011. Written by and has background vocals by Frank Ocean. Later taken back by Frank for his album channel ORANGE and renamed to ""Thinkin Bout You.""",3:15,"Oct 19, 2011",Feature,No,https://pillows.su/f/50fe83aed095510aa5e35147b3a2f8c8
"18 Album Tracks
0 Singles
4 Features
0 Productions
0 Removed
0 Remixes
0 Other","channel ORANGE
(Nostalgia, LITE.)","(Feburary 16th, 2011) (nostalgia, ULTRA. is released.)
(July 10th, 2012) (channel ORANGE is released.)",,"In February 2011, directly after Nostalgia, ULTRA, Ocean began writing new songs with Malay, a producer and songwriter who then assisted him with recording channel ORANGE at EastWest Studios in Hollywood. Rather than rely on samples as he had with his mixtape, Ocean wanted to approach sound and song structure differently on the album. channel ORANGE is the debut studio album by Ocean. It was released on July 10, 2012, by Def Jam Recordings. The lyrics on the album eventually led to Ocean coming out as gay on his Tumblr page in 2012."
,Album Tracks
channel ORANGE,"Start
(prod. Malay)","Track 1 from Frank Ocean's album ""channel ORANGE."" Released on July 10th, 2012.",0:45,"Jul 10, 2012",Album Track,Yes,https://open.spotify.com/track/0GAE689kVy7sFT2QWZH1Xa?si=0d7c47dee5b94823
channel ORANGE,"Thinkin Bout You
(prod. Frank Ocean & Shea Taylor)","Track 2 from Frank Ocean's album ""channel ORANGE."" Released on July 10th, 2012.",3:20,"Jul 10, 2012",Album Track,Yes,https://open.spotify.com/track/7DfFc7a6Rwfi3YQMRbDMau?si=2830648629ba428e
channel ORANGE,"Fertilizer
(prod. Frank Ocean & Malay)","Track 3 from Frank Ocean's album ""channel ORANGE."" Released on July 10th, 2012.",0:39,"Jul 10, 2012",Album Track,Yes,https://open.spotify.com/track/6jypaMkKsoc5npsVzxhksl?si=51a3fc9383b646b8
channel ORANGE,"Sierra Leone
(prod. Frank Ocean, Om’Mas Keith & Malay)","Track 4 from Frank Ocean's album ""channel ORANGE."" Released on July 10th, 2012.",2:28,"Jul 10, 2012",Album Track,Yes,https://open.spotify.com/track/1HwbgJAU9PZ7YbzKgVgoIF?si=3e290f17bfdc41ff
channel ORANGE,"Sweet Life
(prod. Om’Mas Keith, Malay, Frank Ocean & Pharrell Williams)","Track 5 from Frank Ocean's album ""channel ORANGE."" Released on July 10th, 2012.",4:22,"Jul 10, 2012",Album Track,Yes,https://open.spotify.com/track/6MEDfjHxnVNcYmHe3mM6L2?si=501d6359d6a04b89
channel ORANGE,"Not Just Money
(prod. Jonathan Ikpeazu & Frank Ocean)","Track 6 from Frank Ocean's album ""channel ORANGE."" Released on July 10th, 2012.",0:59,"Jul 10, 2012",Album Track,Yes,https://open.spotify.com/track/3iW3y326xuRpNVXzOMBZy5?si=3f26bc6a35ac4388
channel ORANGE,"Super Rich Kids
(feat. Earl Sweatshirt) (prod. Frank Ocean, Om’Mas Keith & Malay)","Track 7 from Frank Ocean's album ""channel ORANGE."" Released on July 10th, 2012.",5:04,"Jul 10, 2012",Album Track,Yes,https://open.spotify.com/track/0725YWm6Z0TpZ6wrNk64Eb?si=9a5712c471064fa4
channel ORANGE,"Pilot Jones
(prod. Om’Mas Keith, Malay & Frank Ocean)","Track 8 from Frank Ocean's album ""channel ORANGE."" Released on July 10th, 2012.",3:04,"Jul 10, 2012",Album Track,Yes,https://open.spotify.com/track/2ohegz9maxzroKBu9YhcCM?si=2aeec86e17c04195
channel ORANGE,"Crack Rock
(prod. Frank Ocean, Om’Mas Keith & Malay)","Track 9 from Frank Ocean's album ""channel ORANGE."" Released on July 10th, 2012.",3:44,"Jul 10, 2012",Album Track,Yes,https://open.spotify.com/track/5lcyIeEfwZTs8Ajw3kdF7P?si=1bf54f66d6234177
channel ORANGE,"Pyramids
(prod. Om’Mas Keith, Malay & Frank Ocean)","Track 10 from Frank Ocean's album ""channel ORANGE."" Released on July 10th, 2012.",9:52,"Jul 10, 2012",Album Track,Yes,https://open.spotify.com/track/4QhWbupniDd44EDtnh2bFJ?si=d2f3bf210ec74928
channel ORANGE,"Lost
(prod. Om’Mas Keith, Frank Ocean & Malay)","Track 11 from Frank Ocean's album ""channel ORANGE."" Released on July 10th, 2012.",3:54,"Jul 10, 2012",Album Track,Yes,https://open.spotify.com/track/3GZD6HmiNUhxXYf8Gch723?si=740f7f138a084c54
channel ORANGE,"White
(prod. John Mayer)","Track 12 from Frank Ocean's album ""channel ORANGE."" Released on July 10th, 2012.",1:16,"Jul 10, 2012",Album Track,Yes,https://open.spotify.com/track/1VMdwVq0yaTc4DeqSCi7DO?si=918b54fb5a55490d
channel ORANGE,"Monks
(prod. Frank Ocean, Om’Mas Keith & Malay)","Track 13 from Frank Ocean's album ""channel ORANGE."" Released on July 10th, 2012.",3:20,"Jul 10, 2012",Album Track,Yes,https://open.spotify.com/track/0msrDPXxZpts4FRnoX0bFr?si=a55a024cafe3465a
channel ORANGE,"Bad Religion
(prod. Frank Ocean, Malay & Om’Mas Keith)","Track 14 from Frank Ocean's album ""channel ORANGE."" Released on July 10th, 2012.",2:55,"Jul 10, 2012",Album Track,Yes,https://open.spotify.com/track/2pMPWE7PJH1PizfgGRMnR9?si=8d9d50c0e8aa4c2e
channel ORANGE,"Pink Matter
(feat. André 3000) (prod. Om’Mas Keith, Frank Ocean & Malay)","Track 15 from Frank Ocean's album ""channel ORANGE."" Released on July 10th, 2012. Second link is from the 2025 channel ORANGE vinyl. Which doesn't include an intro verse. Andre verse is sightly different in mixing wise.",4:28,"Jul 10, 2012",Album Track,Yes,"https://open.spotify.com/track/1fOkmYW3ZFkkjIdOZSf596?si=cfa13068f4e14632
https://pillows.su/f/4b229b32bb61fde6b57d5674afb8d3c5"
channel ORANGE,"Forrest Gump
(prod. Frank Ocean, Om’Mas Keith & Malay)","Track 16 from Frank Ocean's album ""channel ORANGE."" Released on July 10th, 2012.",3:14,"Jul 10, 2012",Album Track,Yes,https://open.spotify.com/track/4YZbVct8l9MnAVIROnLQdx?si=8ddbdeccc70a44a1
channel ORANGE,"End
(prod. Frank Ocean & Malay)","Track 17 from Frank Ocean's album ""channel ORANGE."" Released on July 10th, 2012. It features ""Voodoo"" in the background of the track with sfx's overlaying it. The track is trim down on streaming and vinyl. Cutting ""Golden Girl"".",2:14,"Jul 10, 2012",Album Track,Yes,https://open.spotify.com/track/05tFLPSXJ1BbqIXy4Jeqfh?si=c6ad96fefe634c44
channel ORANGE,"End / Golden Girl
(feat. Tyler, The Creator) (prod. Pharrell Williams, Frank Ocean & Malay)","A bonus track from the ""channel ORANGE"" CD. Released on July 20th, 2012. At the end of the track ""End"". right after the TV clicks off. You could hear faint static in the background of the track for around four minutes before ""Golden Girl"" starts playing.",8:43,"Jul 20, 2012",Album Track,No,https://pillows.su/f/1ef1ed9335f87da548d6bcdd2a9cc0e9
channel ORANGE,channel ORANGE [Clean Version CD Copy],"Full FLAC 44Khz/16BIT Clean version of ""channel ORANGE"" that is not available on streaming.",46:42,"Jul 20, 2012",Album,No,https://pillows.su/f/2642d75444869f5aefb5c325ada82787
channel ORANGE,channel ORANGE [2025 Release Vinyl Copy],"Full FLAC 96khz/24BIT Vinyl version of ""channel ORANGE' that has been officially released on his website,""Blonded.co"", On June 26th, 2025. Mastering is different, way less clipping and distortions. There is a lot of noise, but it's probably due to the poor ripping of the vinyl.",58:28,"Jun 26, 2025",Album,No,https://pillows.su/f/e37df5cb0bad51688a53698f60da11e9 <https://pillows.su/f/2642d75444869f5aefb5c325ada82787>
,Features
channel ORANGE,"Odd Future - Analog 2
(feat. Tyler, the Creator, Frank Ocean & Syd) (prod. Tyler, The Creator)","Song by Odd Future on their album ""The OF Tape Vol. 2."" Released March 16th, 2012. Features Frank Ocean, Tyler, The Creator & Syd.",4:36,"Mar 16, 2012",Feature,Yes,https://open.spotify.com/track/0d8ONGx43ZprlHlmLZODpD?si=ef1573fa954c4fc5
channel ORANGE,"Odd Future - Snow White
(feat. Hodgy & Frank Ocean) (prod. Left Brain)","Song by Odd Future on their album ""The OF Tape Vol. 2."" Released March 16th, 2012. Features Hodgy & Frank Ocean.",2:27,"Mar 16, 2012",Feature,Yes,https://open.spotify.com/track/4ZFtG5iuaJKr8XN4OO5BBa?si=6beb6f8c1e1c4e91
channel ORANGE,"Odd Future - White
(feat. Frank Ocean) (prod. Tyler, The Creator & Frank Ocean)","Song by Odd Future on their album ""The OF Tape Vol. 2."" Released March 16th, 2012. Features Frank Ocean.",2:02,"Mar 16, 2012",Feature,Yes,https://open.spotify.com/track/2gEmgpnxseKEVRTwkSGopN?si=0fbaf920bde145a8
channel ORANGE,"Odd Future - Oldie
(prod. Tyler, the Creator)","Song by Odd Future on their album ""The OF Tape Vol. 2."" Released March 16th, 2012.",10:36,"Mar 16, 2012",Feature,Yes,https://open.spotify.com/track/53dkS3h9uTNsWYZTPacnpx?si=22365ff4e3644c32
"41 Album Tracks
0 Singles
0 Features
0 Productions
0 Removed
0 Remixes
0 Other","Endless
(46 Minutes of 120 hours in the life of Frank Ocean)","(July 10th, 2012) (channel ORANGE is released.)
(August 19th, 2016) (Endless is released.)
(November 27th, 2017) Endless is reworked. Being sold on his webiste for 24 hour period as part of the cybermonday event.",,"In 2013, Ocean confirmed that his follow up to Channel Orange would be another concept album. Endless was recorded in various studios across California, as well as in London, Miami, and Berlin, with production handled primarily by Ocean, Vegyn, Michael Uzowuru, and Troy Noka. After an interminable wait, Ocean fulfilled his contractual obligations and increased his potential profit share from 14 percent to 70 percent of total revenues from Blond within a 24-hour period, seemingly pulling a fast one on the biggest music company in the world."
,Visual Album Tracks
Endless,"Wolfgang Tillmans - Device Control
(prod. Wolfgang Tillmans, Tim Knapp & Kyle Combs)","Track 1 from Frank Ocean's album ""Endless (Visual)."" Released on August 19th, 2016.",0:56,"Aug 19, 2016",Album Track,No,https://pillows.su/f/c26a3e48422b86fb58a4ecd2e2117c70
Endless,"At Your Best (You Are Love)
(prod. Frank Ocean)
(You Are Luhh)","Track 2 from Frank Ocean's album ""Endless (Visual)."" Released on August 19th, 2016.",5:20,"Aug 19, 2016",Album Track,No,https://pillows.su/f/583006df1fdb34d4233bdee4e25aee6d
Endless,"Alabama
(prod. Frank Ocean)","Track 3 from Frank Ocean's album ""Endless (Visual)."" Released on August 19th, 2016.",1:32,"Aug 19, 2016",Album Track,No,https://pillows.su/f/6bc95219053422c80479c63e240dddf2
Endless,"Mine
(prod. Arca & Frank Ocean)","Track 4 from Frank Ocean's album ""Endless (Visual)."" Released on August 19th, 2016.",0:23,"Aug 19, 2016",Album Track,No,https://pillows.su/f/d566f34d4a8a069e48c473693c924f53
Endless,"Unity
(prod. Stwo, Ging & Frank Ocean)
(U-N-I-T-Y)","Track 5 from Frank Ocean's album ""Endless (Visual)."" Released on August 19th, 2016.",2:56,"Aug 19, 2016",Album Track,No,https://pillows.su/f/544e32cb7914bad25e7df9da4796bd37
Endless,"A Certain Way (Ambience 001)
(prod. Arca & Frank Ocean)","Track 6 from Frank Ocean's album ""Endless (Visual)."" Released on August 19th, 2016.",0:08,"Aug 19, 2016",Album Track,No,https://pillows.su/f/342a446280b3ee9b7842269fdbc19b76
Endless,"Comme Des Garçons
(prod. Frank Ocean, TROY NōKA & Vegyn)","Track 7 from Frank Ocean's album ""Endless (Visual)."" Released on August 19th, 2016.",0:58,"Aug 19, 2016",Album Track,No,https://pillows.su/f/3039b5cdf33df98a11904cff9cd8c0fa
Endless,"Xenons
(prod. Frank Ocean & Vegyn)","Track 8 from Frank Ocean's album ""Endless (Visual)."" Released on August 19th, 2016.",0:31,"Aug 19, 2016",Album Track,No,https://pillows.su/f/8807d1b5c51b32fbc8ff44f65c973005
Endless,"Honeybaby (Ambience 002)
(prod. Frank Ocean)","Track 9 from Frank Ocean's album ""Endless (Visual)."" Released on August 19th, 2016.",0:09,"Aug 19, 2016",Album Track,No,https://pillows.su/f/0e007280eea64c0a572f39b47994aa71
Endless,"Wither
(prod. Frank Ocean)","Track 10 from Frank Ocean's album ""Endless (Visual)."" Released on August 19th, 2016.",2:23,"Aug 19, 2016",Album Track,No,https://pillows.su/f/78b9e15fba641a7127a79101885923e7
Endless,"Hublots
(prod. 88-Keys & Frank Ocean)","Track 11 from Frank Ocean's album ""Endless (Visual)."" Released on August 19th, 2016.",1:29,"Aug 19, 2016",Album Track,No,https://pillows.su/f/0edd28ece0f94cebda0ce739200d0e93
Endless,"Walk Away
(prod. Frank Ocean)","Track 12 from Frank Ocean's album ""Endless (Visual)"". Released on August 19th, 2016. The track remained unlisted until its appearance in the title sequence of the 2017 DVD/VHS reissue.",0:18,"Aug 19, 2016",Album Track,No,https://pillows.su/f/0f4c4dc6ddc366d9173769da72903cbd
Endless,"In Here Somewhere
(prod. Frank Ocean, TROY NōKA & Vegyn)","Track 13 from Frank Ocean's album ""Endless (Visual)."" Released on August 19th, 2016.",2:03,"Aug 19, 2016",Album Track,No,https://pillows.su/f/95254a4e14689760c71a00d9219cc199
Endless,"Slide On Me
(prod. Frank Ocean, Vegyn & SebastiAn)","Track 14 from Frank Ocean's album ""Endless (Visual)."" Released on August 19th, 2016.",3:07,"Aug 19, 2016",Album Track,No,https://pillows.su/f/f88e4928be2f1aaf0d4423959c163478
Endless,"Sideways
(prod. Frank Ocean, Nolife & Vegyn)","Track 15 from Frank Ocean's album ""Endless (Visual)."" Released on August 19th, 2016.",1:53,"Aug 19, 2016",Album Track,No,https://pillows.su/f/af157e0d3e8753f76e50792c9b92ed17
Endless,"Florida
(prod. Frank Ocean)","Track 16 from Frank Ocean's album ""Endless (Visual)."" Released on August 19th, 2016.",1:15,"Aug 19, 2016",Album Track,No,https://pillows.su/f/ab0d82ebae020efd8c8d982c712e6fd3
Endless,"Impietas + Deathwish (ASR)
(prod. Frank Ocean, TROY NōKA & Vegyn)","Track 17 from Frank Ocean's album ""Endless (Visual)."" Released on August 19th, 2016.",1:55,"Aug 19, 2016",Album Track,No,https://pillows.su/f/b907c6c5f9dda6d43a8817a08291fbdf
Endless,"Rushes
(prod. Frank Ocean & SebastiAn)","Track 18 from Frank Ocean's album ""Endless (Visual)."" Released on August 19th, 2016.",3:26,"Aug 19, 2016",Album Track,No,https://pillows.su/f/da52c9ff40def30217d8d071920c516c
Endless,"Rushes To
(prod. Frank Ocean, TROY NōKA, Vegyn & Michael Uzowuru)","Track 19 from Frank Ocean's album ""Endless (Visual)."" Released on August 19th, 2016.",2:11,"Aug 19, 2016",Album Track,No,https://pillows.su/f/af6949ebda400ea1c3772383a1aad2f9
Endless,"Higgs
(prod. Frank Ocean & SebastiAn)","Track 20 from Frank Ocean's album ""Endless (Visual)."" Released on August 19th, 2016.",3:39,"Aug 19, 2016",Album Track,No,https://pillows.su/f/1894bd4c090b3683bf22734311eac7d22
Endless,Mitsubishi Sony,"Track 21 from Frank Ocean's album ""Endless (Visual)"". Released on August 19th, 2016. The outro is absent.",2:11,"Aug 19, 2016",Album Track,No,https://pillows.su/f/c0efc3aff0be92dc7362c078ebcfa03e
Endless,"Wolfgang Tillmans - Device Control (Reprise)
(prod. Wolfgang Tillmans, Tim Knapp & Kyle Combs)","Track 22 from Frank Ocean's album ""Endless (Visual)."" Released on August 19th, 2016. It plays during the end credits on the visual version.",7:06,"Aug 19, 2016",Album Track,No,https://pillows.su/f/0774a68b2d17dc6354cea082ef1c528f
Endless,Endless (Visual Album) [2017 Cyber Monday Release DVD Copy],"Full ALAC 48Khz/16BIT DVD Version rip of Frank Ocean's ""Endless (Visual)."" Video was uploaded onto Apple iTunes right after the livestream ended. Visual mastered is only exclusive on VHS, DVD and Apple Music currently.",45:52,"Aug 19, 2016",Album,Limited,"https://music.apple.com/us/music-video/endless/1143705097
https://pillows.su/f/232bcedd9918a52b820db7fdeebc2e96"
,Album Tracks
Endless,"At Your Best (You Are Love)
(prod. Frank Ocean)
(You Are Luhh)","Track 1 from Frank Ocean's album ""Endless."" Released on November 27th, 2017.",5:20,"Nov 27, 2017",Album Track,No,https://pillows.su/f/648e15a5e607785c6d8c7e5ace91d7a3 <https://pillows.su/f/583006df1fdb34d4233bdee4e25aee6d>
Endless,"Alabama
(prod. Frank Ocean)","Track 2 from Frank Ocean's album ""Endless."" Released on November 27th, 2017.",1:24,"Nov 27, 2017",Album Track,No,https://pillows.su/f/8384bf0c692069824bb9db955ade721d
Endless,"Mine
(prod. Arca & Frank Ocean)","Track 3 from Frank Ocean's album ""Endless."" Released on November 27th, 2017.",0:32,"Nov 27, 2017",Album Track,No,https://pillows.su/f/2a7e929bf0fdd2c13a71b217fb449775
Endless,"Unity
(prod. Stwo, Ging & Frank Ocean)
(U-N-I-T-Y)","Track 4 from Frank Ocean's album ""Endless."" Released on November 27th, 2017.",2:54,"Nov 27, 2017",Album Track,No,https://pillows.su/f/de4f14e9390006f9f820156f8ff57d47
Endless,"A Certain Way (Ambience 001)
(prod. Arca & Frank Ocean)","Track 5 from Frank Ocean's album ""Endless."" Released on November 27th, 2017.",0:11,"Nov 27, 2017",Album Track,No,https://pillows.su/f/ff34392f1bf16ea71b4494af51c5e2e7
Endless,"Comme Des Garçons
(prod. Frank Ocean, TROY NōKA & Vegyn)","Track 6 from Frank Ocean's album ""Endless."" Released on November 27th, 2017.",0:58,"Nov 27, 2017",Album Track,No,https://pillows.su/f/eed82a7298805f6aa554685f06c7f120
Endless,"Xenons
(prod. Frank Ocean & Vegyn)","Track 7 from Frank Ocean's album ""Endless."" Released on November 27th, 2017.",0:31,"Nov 27, 2017",Album Track,No,https://pillows.su/f/5173436eaf2becd8c9fe4e871d7c7c7b
Endless,"Honeybaby (Ambience 002)
(feat. Gal Costa) (prod. Frank Ocean)","Track 8 from Frank Ocean's album ""Endless."" Features Gal Costa. Released on November 27th, 2017.",0:09,"Nov 27, 2017",Album Track,No,https://pillows.su/f/31bd339b195e111808bd0c8f7095d260
Endless,"Wither
(feat. Jazmine Sullivan) (prod. Frank Ocean)","Track 9 from Frank Ocean's album ""Endless."" Features Jazmine Sullivan. Released on November 27th, 2017.",2:33,"Nov 27, 2017",Album Track,No,https://pillows.su/f/f2ebe29618f078425d3e78a16cc00bc8
Endless,"Hublots
(feat. Jazmine Sullivan & Lil Flip) (prod. 88-Keys & Frank Ocean)","Track 10 from Frank Ocean's album ""Endless."" Features Jazmine Sullivan and Lil Fip. Released on November 27th, 2017.",1:48,"Nov 27, 2017",Album Track,No,https://pillows.su/f/e8cccc069aabda0027d54c54ade3dd5f
Endless,"In Here Somewhere
(prod. Frank Ocean, TROY NōKA & Vegyn)","Track 11 from Frank Ocean's album ""Endless."" Released on November 27th, 2017.",1:44,"Nov 27, 2017",Album Track,No,https://pillows.su/f/7a96da6ad59696d786d51958370afc86
Endless,"Slide On Me
(prod. Frank Ocean, Vegyn & SebastiAn)","Track 12 from Frank Ocean's album ""Endless."" Released on November 27th, 2017.",3:06,"Nov 27, 2017",Album Track,No,https://pillows.su/f/305f53a4af8488e73d0f50de6c378174
Endless,"Sideways
(prod. Frank Ocean, Nolife & Vegyn)","Track 13 from Frank Ocean's album ""Endless."" Released on November 27th, 2017.",1:53,"Nov 27, 2017",Album Track,No,https://pillows.su/f/1f1e4266eb803cb11806b721575635c6
Endless,"Florida
(prod. Frank Ocean)","Track 14 from Frank Ocean's album ""Endless."" Released on November 27th, 2017.",1:15,"Nov 27, 2017",Album Track,No,https://pillows.su/f/f3c822f3f510775f8b1dee721e617daf
Endless,"Impietas + Deathwish (ASR)
(prod. Frank Ocean, TROY NōKA & Vegyn)","Track 15 from Frank Ocean's album ""Endless."" Released on November 27th, 2017.",1:55,"Nov 27, 2017",Album Track,No,https://pillows.su/f/45e120d3c330c059b3f43628299af473
Endless,"Rushes
(prod. Frank Ocean & SebastiAn)","Track 16 from Frank Ocean's album ""Endless."" Released on November 27th, 2017.",3:25,"Nov 27, 2017",Album Track,No,https://pillows.su/f/4ebd61933f5593f30028b3cf06eec51c
Endless,"Rushes To
(prod. Frank Ocean, TROY NōKA, Vegyn & Michael Uzowuru)","Track 17 from Frank Ocean's album ""Endless."" Released on November 27th, 2017.",2:12,"Nov 27, 2017",Album Track,No,https://pillows.su/f/e7ac3de2ea50770b4e6f5ea51e3767ff
Endless,"Higgs
(prod. Frank Ocean & SebastiAn)","Track 18 from Frank Ocean's album ""Endless."" Released on November 27th, 2017.",3:38,"Nov 27, 2017",Album Track,No,https://pillows.su/f/947859ddcf91c88c5dec9e12bccda39e
Endless,"Mitsubishi Sony
(prod. Frank Ocean & Vegyn)","Track 19 from Frank Ocean's album ""Endless."" Released on November 27th, 2017.",2:50,"Nov 27, 2017",Album Track,No,https://pillows.su/f/dbb3117fadf9efd122d6fe8f2ae33b0c
Endless,Endless (Album) [2017 Cyber Monday Release CD Copy],"Full FLAC 44Khz/16BIT CD version rip of Frank Ocean's ""Endless."" Contains a different master. More polished.",39:58,"Apr 10, 2018",Album,No,https://pillows.su/f/232bcedd9918a52b820db7fdeebc2e96
Endless,Endless (Album) [2017 Cyber Monday Release Vinyl Copy],"Full FLAC 48Khz/24BIT vinyl version rip of Frank Ocean's ""Endless."" Contains a different master. More polished.",40:31,"Apr 10, 2018",Album,No,https://pillows.su/f/f8c08364cf6e3145c597d1bb08299840
"20 Album Tracks
0 Singles
15 Features
0 Productions
0 Removed
0 Remixes
0 Other","blonde
(blond, Boys Don't Cry)","(July 10th, 2012) Channel Orange is released.
(August 19th, 2016) Endless is released.
(August 20th, 2016) blonde is released.",,"In 2013, Ocean confirmed that his follow up to Channel Orange would be another concept album. Initially known as Boys Don't Cry and teased for a July 2015 release, the album suffered several delays and was the subject of widespread media anticipation leading up to its release. Beginning in 2013 and ending in 2016, recording for the album took place at New York's Electric Lady Studios and, after a period of writer's block, in London at Abbey Road Studios and in Los Angeles' Henson Recording Studios."
,Album Tracks
blonde,"Nikes
(prod. Malay, Om’Mas Keith & Frank Ocean)","Track 1 from Frank Ocean's album ""Blonde."" Released on August 20th, 2016.",5:14,"Aug 20, 2016",Album Track,Yes,https://open.spotify.com/track/19YKaevk2bce4odJkP5L22?si=b61b01d043fc4f5d
blonde,"Ivy
(prod. Om’Mas Keith, Frank Ocean & Rostam)","Track 2 from Frank Ocean's album ""Blonde."" Released on August 20th, 2016.",4:09,"Aug 20, 2016",Album Track,Yes,https://open.spotify.com/track/2ZWlPOoWh0626oTaHrnl2a?si=5b9f3248c74b406d
blonde,"Pink + White
(prod. Frank Ocean & Pharrell Williams)","Track 3 from Frank Ocean's album ""Blonde."" Released on August 20th, 2016. Features additional vocals from Beyoncé.",3:05,"Aug 20, 2016",Album Track,Yes,https://open.spotify.com/track/3xKsf9qdS1CyvXSMEid6g8?si=5202c9cf196c460e
blonde,"Be Yourself
(prod. Buddy Ross)","Track 4 from Frank Ocean's album ""Blonde."" Released on August 20th, 2016.",1:27,"Aug 20, 2016",Album Track,Yes,https://open.spotify.com/track/1IdZvb2XK8NmsovQlV6CPn?si=c19b74f4156e4817
blonde,"Solo
(feat. Jazmine Sullivan) (prod. James Blake & Frank Ocean)","Track 5 from Frank Ocean's album ""Blonde."" Features Jazmine Sullivan as the backing vocals, she's not credited. Released on August 20th, 2016.",4:17,"Aug 20, 2016",Album Track,Yes,https://open.spotify.com/track/35xSkNIXi504fcEwz9USRB?si=a0f184ad7bb14ed2
blonde,"Skyline To
(prod. Tyler, The Creator, Om’Mas Keith, Malay & Frank Ocean)","Track 6 from Frank Ocean's album ""Blonde."" Released on August 20th, 2016.",3:05,"Aug 20, 2016",Album Track,Yes,https://open.spotify.com/track/4xR3MAscflQ262kMeiKshQ?si=29ab248ac7014a27
blonde,"Self Control
(prod. Malay, Jon Brion, Frank Ocean & The Influence)","Track 7 from Frank Ocean's album ""Blonde."" Released on August 20th, 2016.",4:10,"Aug 20, 2016",Album Track,Yes,https://open.spotify.com/track/5GUYJTQap5F3RDQiCOJhrS?si=e550da46328f4412
blonde,"Good Guy
(prod. Frank Ocean & Buddy Ross)","Track 8 from Frank Ocean's album ""Blonde."" Released on August 20th, 2016.",1:07,"Aug 20, 2016",Album Track,Yes,https://open.spotify.com/track/2JUqYobT8NvARdPmc4ES2x?si=2afb935f0e9c41fd
blonde,"Nights
(prod. Frank Ocean, Vegyn, Michael Uzowuru & Buddy Ross)","Track 9 from Frank Ocean's album ""Blonde."" Released on August 20th, 2016.",5:07,"Aug 20, 2016",Album Track,Yes,https://open.spotify.com/track/7eqoqGkKwgOaWNNHx90uEZ?si=f9307dca58d14dcb
blonde,"Solo (Reprise)
(prod. Jon Brion, Frank Ocean & MIKE DEAN)","Track 10 from Frank Ocean's album ""Blonde."" Released on August 20th, 2016.",1:19,"Aug 20, 2016",Album Track,Yes,https://open.spotify.com/track/2qtoRFCOEL1gRn5q9DJC7F?si=e8a058a232ab472d
blonde,"Pretty Sweet
(prod. Om’Mas Keith, Malay & Frank Ocean)","Track 11 from Frank Ocean's album ""Blonde."" Released on August 20th, 2016.",2:38,"Aug 20, 2016",Album Track,Yes,https://open.spotify.com/track/17yrCsl1Ai6CZLBmGj6d6p?si=9b0b36eff0074037
blonde,"Facebook Story
(prod. Buddy Ross)","Track 12 from Frank Ocean's album ""Blonde."" Released on August 20th, 2016.",1:09,"Aug 20, 2016",Album Track,Yes,https://open.spotify.com/track/73D5hBkiVZkopZrmBZTBWf?si=b532d467ca994e26
blonde,"Close To You
(prod. Francis and the Lights, Frank Ocean & Buddy Ross)","Track 13 from Frank Ocean's album ""Blonde."" Released on August 20th, 2016.",1:26,"Aug 20, 2016",Album Track,Yes,https://open.spotify.com/track/1VZLEW5ZfcAbKZ94XQiSZF?si=ebae92d273b343f6
blonde,"White Ferrari
(prod. Om’Mas Keith, Jon Brion, Frank Ocean & The Influence)","Track 14 from Frank Ocean's album ""Blonde."" Released on August 20th, 2016.",4:09,"Aug 20, 2016",Album Track,Yes,https://open.spotify.com/track/2LMkwUfqC6S6s6qDVlEuzV?si=c9a66b445c42432b
blonde,"Seigfried
(prod. Malay & Frank Ocean)","Track 15 from Frank Ocean's album ""Blonde."" Released on August 20th, 2016.",5:35,"Aug 20, 2016",Album Track,Yes,https://open.spotify.com/track/1BViPjTT585XAhkUUrkts0?si=abdedce4d39b419f
blonde,"Godspeed
(prod. Om’Mas Keith, Malay, James Blake & Frank Ocean)","Track 16 from Frank Ocean's album ""Blonde."" Released on August 20th, 2016.",2:58,"Aug 20, 2016",Album Track,Yes,https://open.spotify.com/track/34xTFwjPQ1dC6uJmleno7x?si=15cc0a8609c14bc4
blonde,"Futura Free
(prod. Om’Mas Keith, Malay, Buddy Ross & Frank Ocean)","Track 17 from Frank Ocean's album ""Blonde."" Released on August 20th, 2016.",9:24,"Aug 20, 2016",Album Track,Yes,https://open.spotify.com/track/5k8LB57xOq8UUNVaKWSqrf?si=da4fa46f05f34d2e
blonde,"Nikes [CD Version]
(feat. KOHH) (prod. Malay, Om’Mas Keith & Frank Ocean)","Track 1 from Frank Ocean's album ""Blonde."" Released on August 20th, 2016. CD version featuring Japanese rapper KOHH. A lossless version does not exist due to the CD not being a traditional Audio CD and was instead a CD-R with MP3 files.",6:09,"Aug 20, 2016",Album Track,No,https://pillows.su/f/6ebf7ad1d340ab5dac2970d8c70c7a72
blonde,"Pretty Sweet [CD Version]
(prod. Om’Mas Keith, Malay & Frank Ocean)","Track 11 from Frank Ocean's album ""Blonde."" Released on August 20th, 2016. CD version featuring alternate intro. A lossless version does not exist due to the CD not being a traditional Audio CD and was instead a CD-R with MP3 files.",2:38,"Aug 20, 2016",Album Track,No,https://pillows.su/f/23dee6fff643e0813fc79b43de3a77ab
blonde,blonde [2022 Reissue Vinyl Copy],"A copy of blonde 2022 vinyl. It was re-released on vinyl on December 17th, 2022. Contains a different master.",1:00:15,"Dec 17, 2022",Album Track,No,https://pillows.su/f/99c73fee8f0d4dada208ee24087cb530
,Features
blonde,"MellowHype - Astro
(feat. Frank Ocean) (prod. MellowHype)","Song by MellowHype on his album ""Numbers."" Released October 9th, 2012. Features Frank Ocean.",4:20,"Oct 9, 2012",Feature,Yes,https://open.spotify.com/track/6cl9b8FcmiCo1Bxf5cvHbI?si=2c1fd65fac0848f5
blonde,"Alicia Keys - One Thing
(prod. Malay)","Song by Alicia Keys on her album ""Girl on Fire."" Released November 12th, 2012. Has writing credits by Frank Ocean, likely fully written by Frank due to the producer being common Frank collaborator, Malay.",4:08,"Nov 12, 2012",Feature,Yes,https://open.spotify.com/track/5oBaKT5xC8Qjr1E5xIGQGa?si=fa1e3665f2f443b0
blonde,"Tyler, The Creator - Awkward
(prod. Tyler, The Creator)","Song by Tyler, The Creator on his album ""Wolf."" Released April 1st, 2013. Features uncredited vocals from Frank Ocean.",3:47,"Apr 1, 2013",Feature,Yes,https://open.spotify.com/track/6c7l5gpEyCNGr86jsWneGy?si=b8e40e0f0f844611
blonde,"Tyler, The Creator - Slater
(feat. Frank Ocean) (prod. Tyler, The Creator)","Song by Tyler, The Creator on his album ""Wolf."" Released April 1st, 2013. Features Frank Ocean.",3:53,"Apr 1, 2013",Feature,Yes,https://open.spotify.com/track/5wTpnBRTx1HSGQVDZQ2VSh?si=e2fcec22c98f4ff6
blonde,"Tyler, The Creator - 48
(prod. Tyler, The Creator)","Song by Tyler, The Creator on his album ""Wolf."" Released April 1st, 2013. Features uncredited vocals from Frank Ocean.",4:07,"Apr 1, 2013",Feature,Yes,https://open.spotify.com/track/2wK7y55bzry7tUDmDqYaz7?si=99915bff15fb4014
blonde,"Tyler, The Creator - Partyisntover / Campfire / Bimmer
(feat. Frank Ocean & Lætitia Sadier) (prod. Tyler, The Creator)","Song by Tyler, The Creator on his album ""Wolf."" Released April 1st, 2013. Features Frank Ocean.",7:18,"Apr 1, 2013",Feature,Yes,https://open.spotify.com/track/04QTBqa3IA4ZAKEuqRPzEH?si=ad887d34276749af
blonde,"Mann - Bend Ya
(feat. Frank Ocean & Kendrick Lamar) (prod. Fingazz)","Song by Mann on his album ""FreshMann On Varsity"" featuring Frank Ocean and Kendrick Lamar. Released May 17th, 2013. At the time, speculated whether or not it was real due to Mann being completely unkown, but confirmed to be real by Kendrick on his Twitter.",3:46,"May 17, 2013",Feature,Yes,https://open.spotify.com/track/4FItdNoOT2CpVhSJy87hTz?si=d295c9473a0e4652
blonde,"Kanye West - New Slaves
(feat. Frank Ocean) (prod. Kanye West, Noah Goldstein, MIKE DEAN, Hudson Mohawke, Travis Scott, Che Pope, Sham Joseph, Arca & Teachers)","Song by Kanye West on his album ""Yeezus."" Released June 28th, 2013. Features Frank Ocean.",4:16,"Jun 28, 2013",Feature,Yes,https://open.spotify.com/track/4cAgkb0ifwn0FSHGXnr4F6?si=20b404ac25804d8b
blonde,"JAŸ-Z - Oceans
(feat. Frank Ocean) (prod. Pharrell Williams)","Song by JAŸ-Z on his album ""Magna Carta... Holy Grail."" Released July 4th, 2013. Features Frank Ocean.",3:57,"Jul 4, 2013",Feature,Yes,https://open.spotify.com/track/3VeW0pO2pae144rAX2oXPP?si=a30dcd547d8348c1
blonde,"Earl Sweatshirt - Sunday
(feat. Frank Ocean) (prod. RandomBlackDude & Frank Ocean)","Song by Earl Sweatshirt on his album ""Doris."" Released August 16th, 2013. Features Frank Ocean.",3:25,"Aug 16, 2013",Feature,Yes,https://open.spotify.com/track/0fAehaneUJdlSlWXYe1KZp?si=5073954f130b46dc
blonde,"Earl Sweatshirt - Hoarse
(feat. Frank Ocean) (prod. RandomBlackDude & Frank Ocean)","Song by Earl Sweatshirt on his album ""Doris."" Released August 16th, 2013. Frank Ocean is not credited on this track.",3:52,"Aug 16, 2013",Feature,Yes,https://open.spotify.com/track/49aTv96mDjvlDb74XvVSc9?si=a6b6531a670c4e21
blonde,"John Mayer - Wildfire
(feat. Frank Ocean) (prod. Frank Ocean & John Mayer)","Song by John Mayer on his album ""Paradise Valley."" Released August 20th, 2013. Features Frank Ocean.",1:27,"Aug 20, 2013",Feature,Yes,https://open.spotify.com/track/4wOYt5nULk1Cu8pwJWk26m?si=5bfe3177dc374303
blonde,"Beyoncé - Superpower
(feat. Frank Ocean) (prod. Pharrell Williams)","Song by Beyoncé on her self-titled album ""BEYONCÉ."" Produced by Pharrell Williams. Released December 13th, 2013. Features Frank Ocean.",4:36,"Dec 13, 2013",Feature,Yes,https://open.spotify.com/track/49sXkAcR5LvOrtq5Qcn5cf?si=deee037e258a49de
blonde,"Hero
(feat. Mick Jones, Paul Simonon & Diplo) (prod. Diplo)","Single released by Frank Ocean on March 10th, 2014, features Mick Jones, Paul Simonon, Diplo & the West Los Angeles Children’s Choir (uncredited).",2:45,"Mar 10, 2014",Feature,Yes,https://open.spotify.com/track/4hKGICUB890arImAdWRaHQ?si=49a02cba81494315
blonde,"Kanye West - Frank's Track
(feat. Frank Ocean) (prod. Kanye West, Kevin Smith, Robert Bisel, Ricardo Kim, Cashmere Cat & Sinjin Hawke)","Song by Kanye West on his album ""The Life Of Pablo."" Released on March 13th, 2016. Was originally combined with ""Wolves"" on original mixes of the album but was later split into its own song.",0:38,"Mar 13, 2016",Feature,Yes,https://open.spotify.com/track/20r94xA0bsYNLtYSiOE6r3?si=81e6b1708b844ac4
"0 Album Tracks
6 Singles
8 Features
0 Productions
0 Removed
1 Remixes
0 Other",blonded radio,"(August 20th, 2016) blonde is released.
(Feburary 14th, 2018) Last loosie single is released.",,"After the release of Blonde, Frank decided to host a radio show, where he would show off his and other's music. In the first run of Blonded Radio, the first episode aired February 2017, and the last in May 2017. No other episodes aired until GTA 5 added the radio station, ""blonded Los Santos 97.8 FM."" This was mainly a playlist of music and showed off no new tracks. On November 6, 2018, 3 episodes aired encouraging viewers to vote during the midterm elections. This would be the last of Blonded Radio until the rollout of Frank's next project."
,Single Tracks
blonded radio,"Chanel
(prod. Michael Uzowuru, Jake Oh, Ging, Rami Dawod & Frank Ocean)","Single released by Frank Ocean on March 10th, 2017.",3:30,"Mar 1, 2017",Single,Yes,https://open.spotify.com/track/6Nle9hKrkL1wQpwNfEkxjh?si=68839dc9573041cd
blonded radio,"Biking
(feat. JAŸ-Z & Tyler, The Creator) (prod. Caleb Laven, Jarami & Ging)","Single released by Frank Ocean on April 7th, 2017. Featuring JAŸ-Z & Tyler, The Creator.",4:37,"Apr 1, 2017",Single,Yes,https://open.spotify.com/track/2q0VexHJirnUPnEOhr2DxK?si=705e9da2d3bf412a
blonded radio,"Lens
(prod. Vegyn, MIKE DEAN, Jarami, Caleb Laven & Ging)","Single released by Frank Ocean on April 22nd, 2017.",3:47,"Apr 1, 2017",Single,Yes,https://open.spotify.com/track/371H6HjS4SXGbQ9IVfFUIL?si=26dc019d35a04608
blonded radio,"Biking (Solo)
(prod. Caleb Laven, Jarami & Ging)","Single released by Frank Ocean on May 17th, 2017.",3:32,"May 1, 2017",Single,Yes,https://open.spotify.com/track/6gtNiLJNLBcV0P6Juenstp?si=85679bd244f1489e
blonded radio,"Provider
(prod. Jarami, Caleb Laven & Vegyn)","Single released by Frank Ocean on August 27th, 2017.",4:03,"Aug 1, 2017",Single,Yes,https://open.spotify.com/track/6R6ihJhRbgu7JxJKIbW57w?si=375abcc9d56242a9
blonded radio,"Moon River
(prod. Frank Ocean & Buddy Ross)","Single released by Frank Ocean on February 14th, 2018.",3:08,"Feb 1, 2018",Single,Yes,https://open.spotify.com/track/41cpvQ2GyGb2BRdIRSsTqK?si=2c335465d7e44f1d
blonded radio,"Nights (Sango Remix)
(prod. Sango, Frank Ocean, Vegyn, Michael Uzowuru & Buddy Ross)","Sángo published his remix of Frank Ocean’s “Nights” via SoundCloud on May 13th, 2018, and later premiered the mix at Ocean’s PrEP+ nightlife event in New York City on October 17th, 2019, and on episode 008 of blonded RADIO on October 20th, 2019. Originally titled “Nightz (Sango Bounced It),” the track premiered on blonded RADIO as “Nights (Sango Remix).”",2:10,"May 13, 2018",Remix,No,https://pillows.su/f/f4e9fea6c686cb4cd8abf83617e1e744
,Features
blonded radio,"Calvin Harris - Slide
(feat. Frank Ocean & Migos) (prod. Calvin Harris)","Song by Calvin Harris on his album ""Funk Wav Bounces Vol.1."" Released February 23rd, 2017. Features Frank Ocean & Migos.",3:50,"Feb 23, 2017",Feature,Yes,https://open.spotify.com/track/6gpcs5eMhJwax4mIfKDYQk?si=ed6fa4eaa3bb4137
blonded radio,"A$AP Mob - RAF
(feat. A$AP Rocky, Playboi Carti, Quavo, Lil Uzi Vert & Frank Ocean) (prod. Dun Deal)","Song released by A$AP Mob on their album ""Cozy Tapes Vol. 2: Too Cozy."" Released May 15th, 2017. Features A$AP Rocky, Playboi Carti, Quavo, Lil Uzi Vert & Frank Ocean.",4:15,"May 15, 2017",Feature,Yes,https://open.spotify.com/track/6kl1qtQXQsFiIWRBK24Cfp?si=7f88d41e2acd43ff
blonded radio,"JAŸ-Z - Caught Their Eyes
(feat. Frank Ocean) (prod. No I.D.)","Song by JAŸ-Z on his album ""4:44."" Released June 30th, 2017. Features Frank Ocean.",3:26,"Jun 30, 2017",Feature,Yes,https://open.spotify.com/track/71oM9w2BbJxzTpxzWIE0lw?si=e625d4c364b64ff2
blonded radio,"Tyler, The Creator - Where This Flower Blooms
(feat. Frank Ocean) (prod. Tyler, The Creator)","Song by Tyler, The Creator on his album ""Flower Boy."" Released July 21st, 2017. Features Frank Ocean.",3:14,"Jul 21, 2017",Feature,Yes,https://open.spotify.com/track/6KuXb26rHuRy3ZDse1VRmx?si=5e7d791f1da447e7
blonded radio,"Tyler, The Creator - 911 / Mr. Lonely
(feat. Frank Ocean & Steve Lacy) (prod. Tyler, The Creator)","Song by Tyler, The Creator on his album ""Flower Boy."" Released July 21st, 2017. Features Frank Ocean and Steve Lacy.",4:15,"Jul 21, 2017",Feature,Yes,https://open.spotify.com/track/4bEcoz1OcfMgUbp2ft8ieQ?si=1082da2d302e46cc
blonded radio,"A$AP Rocky - Purity
(feat. Frank Ocean) (prod. FNZ, Dean Blunt, A$AP Rocky & Hector Delgado)","Song by A$AP Rocky on his album ""TESTING."" Released May 25th, 2018. Features Frank Ocean.",4:22,"May 25, 2018",Feature,Yes,https://open.spotify.com/track/2MF4HtZHBoUliOi9nOAbS0?si=e93800213cc3494f
blonded radio,"A$AP Rocky - Brotha Man
(feat. French Montana) (prod. D’Town Tha Great, Hector Delgado, Rico Love & A$AP Rocky)","Song by A$AP Rocky on his album ""TESTING."" Released May 25th, 2018. Features French Montana and has background vocals by Snoop Dogg and Frank Ocean.",3:36,"May 25, 2018",Feature,Yes,https://open.spotify.com/track/6MmtDonkpvSoRx9ACwrGDu?si=a8fba840674c44f5
blonded radio,"Travis Scott - CAROUSEL
(feat. Frank Ocean) (prod. MIKE DEAN, Rogét Chahayed & Hit-Boy)","Song by Travis Scott on his album ""ASTROWORLD."" Released August 3rd, 2018. Features Frank Ocean.",3:00,"Aug 3, 2018",Feature,Yes,https://open.spotify.com/track/7KZ5MMVgBVox9ycroB2UrI?si=9c4226d63ba44d99
"0 Album Tracks
4 Singles
1 Features
0 Productions
0 Removed
4 Remixes
0 Other","Look At Us, We're In Love
(PACO, PrEP+)","(Feburary 14th, 2018) Last loosie single is released
(Feburary 8th, 2020) Ryan Breaux passes away",,"""Look At Us, We're In Love"" was an unreleased, house-and-techno-inspired Frank Ocean project. Rather than a traditional album, it was designed as a series of singles for listeners to playlist, with several tracks dropping between 2019 and 2020. The project was shelved in 2020 due to the pandemic (which canceled his tour) and the tragic death of his brother, Ryan Breaux. However, recent promotional posters hint that Ocean is interested in making albums again."
,Single Tracks
"Look At Us, We're In Love","DHL
(prod. Daniel Aged, Noah Goldstein, John Carroll Kirby, Boys Noize & Frank Ocean)","Single released by Frank Ocean on October 19th, 2019",4:28,"Oct 19, 2019",Single,Yes,https://open.spotify.com/track/2INhKpUdzh7v0j041gZNsz?si=66a4737f5da04adc
"Look At Us, We're In Love","In My Room
(prod. Sango, Frank Ocean & Michael Uzowuru)","Single released by Frank Ocean on November 2nd, 2019.",2:13,"Nov 2, 2019",Single,Yes,https://open.spotify.com/track/4S4Mfvv03M1cHgIOJcbUCL?si=25de217e98e54d81
"Look At Us, We're In Love","In My Room (BennY RevivaL Remix)
(feat. BennY RevivaL) (prod. Sango, Frank Ocean & Michael Uzowuru)","Single released by Frank Ocean, featuring BennY RevivaL. Released on November 2nd, 2019.",3:40,"Nov 2, 2019",Remix,Yes,https://pillows.su/f/d286be9071b312486e1ae6a4ada44948
"Look At Us, We're In Love","Cayendo
(prod. Daniel Aged, El Guincho & Frank Ocean)","Single released by Frank Ocean on March 25th, 2020.",3:22,"Mar 25, 2020",Single,Yes,https://open.spotify.com/track/72794Eag03xdy7TO0KNuid?si=1c565bab05dd4e55
"Look At Us, We're In Love","Cayendo (Sango Remix)
(prod. Sango, Daniel Aged, El Guincho & Frank Ocean)","Remix released by Frank Ocean and Sango on March 25th, 2020. Features vocals not found in the original version.",2:34,"Mar 25, 2020",Remix,Limited,"https://music.apple.com/us/song/cayendo-sango-remix-mixed/1601319661
https://pillows.su/f/25464317afd41f80de079cd85e2d24ed
https://pillows.su/f/30ccd934a4b8abff6d5c7b1fb97c70b5"
"Look At Us, We're In Love","Dear April
(prod. Daniel Aged, El Guincho & Frank Ocean)","Single released by Frank Ocean on March 25th, 2020.",3:51,"Mar 25, 2020",Single,Yes,https://open.spotify.com/track/62ljuuXo0zrcrtJnnOhfxT?si=679bd9b6d1af4b13
"Look At Us, We're In Love","Dear April (Justice Remix)
(prod. Justice, Daniel Aged, El Guincho & Frank Ocean)","Remix released by Frank Ocean and Justice on March 25th, 2020.",4:11,"Mar 25, 2020",Remix,No,"https://pillows.su/f/c8cae616649fa5ab5fa534daa6922498
https://pillows.su/f/6b7479a1dd1a4c25a9c9e23d0b6de9ad"
"Look At Us, We're In Love","Chanel (Sango Remix)
(prod. Sango)","Sángo published his remix of Frank Ocean’s 2017 single “Chanel” via SoundCloud on June 23th, 2023. The remix first appeared during Ocean’s headlining performance at Coachella 2023.",3:13,"Jun 23, 2023",Remix,No,https://pillows.su/f/dcdf68d9d179a98c27f7a3d45f7a008d
,Features
"Look At Us, We're In Love","Tyler, The Creator - LEMONHEAD
(feat. 42 Dugg) (prod. Tyler, The Creator)","Song by Tyler, The Creator on his album ""CALL ME IF YOU GET LOST."" Released June 25th, 2021. Features 42 Dugg & uncredited vocals from Frank Ocean.",2:10,"Jun 25, 2021",Feature,Yes,https://open.spotify.com/track/5fbHRCsGpFIOLRtlhCRFDR?si=391382aaaaba4399
Links,Type,Highlighted
"🔗 161 Total Links
❌ 0 Missing Links
📚 0 Sources Needed
🚫 0 Not Available","🔊 87 On Streaming
📴 71 Not On Streaming
🎛️ 0 Productions
🤝 47 Features
🔁 6 Remixes
💿 79 Album Tracks
🎯 10 Singles
🧪 0 Loosies
📦 0 Others
📼 2 Mixtapes
🎤 0 Live Performances
🗑️ 0 Removed
📀 0 Compilation Tracks
📻 14 Mixtape Tracks",🌟 0 Notable Tracks
