Era,Name,Notes,Full Length,File Date,Leak Date,BPM,Key,Available Length,Quality,Link(s)
"0 Full
0 Tagged
0 Partial
1 Snippet(s)
0 OG File(s)
0 Stem Bounce(s)
2 Unavailable",Broken Glass,"(August 23rd, 2005) (Lonny moves to Los Angeles)
(2007-2008) Lonny scraps Broken Glass",,"In 2005, Hurricane Katrina hit Ocean's hometown of New Orleans and his recording facility was destroyed by floodwater and looting. To continue recording music, he moved to Los Angeles and intended to stay for just six weeks but decided to stay longer and develop his music career. He worked on multiple solo songs under the name ""Lonny Breaux"" intended for a 5 track project called ""Broken Glass."" The project was later scrapped sometime between 2007 and 2008."
,Sessions
Broken Glass,Screensaver,"Sessions for ""Screensaver"" exist and are in circulation.",?:??,,"Jan 9, 2024",,,Confirmed,Not Available,N/A
Broken Glass,Shot,"Sessions for ""Shot"" exist and are in circulation.",?:??,,"Feb 10, 2024",,,Confirmed,Not Available,N/A
Broken Glass,Why You Love Me,"Sessions for ""Why You Love Me"". Snippet leaked during groupbuy for the song.",?:??,,"Jan 9, 2024",,,Snippet,CD Quality,https://pillows.su/f/ca306383607c2e98545f57d9cb30a3be
"1 Full
0 Tagged
0 Partial
0 Snippet(s)
0 OG File(s)
0 Stem Bounce(s)
0 Unavailable",Lonny Breaux,"(2007-2008) Lonny scraps Broken Glass
(Late 2009) Lonny signs to Def Jam",,"Lonny scraps Broken Glass sometime between 2007 and 2008. After establishing contact with people in the music industry. He recorded some demos at a friend's studio and shopped them around Los Angeles. After getting a songwriting deal, he started working with other record producers and wrote songs for many large artists. In late 2009, Breaux had signed a contract with Def Jam Records as a solo artist. He was initially unable to build a relationship with the company."
,Stems
Lonny Breaux,"John Legend - Quickly [Atmos Stems]
(feat. Brandy) (add. Frank Ocean) (prod. Dapo Torimiro & Midi Mafia)","Atmos stems for ""Quickly"" by John Legend. Written by and has background vocals by Christopher Breaux.",3:42,,,100,,Full,CD Quality,"https://pillows.su/f/48ace64c77b3ec978f7fc642bd0cac06
https://pillows.su/f/861627944428f0c3465bfa1b37ef4580
https://pillows.su/f/011b3a9311455a3230ae58c46902dfec"
"1 Full
0 Tagged
1 Partial
0 Snippet(s)
0 OG File(s)
0 Stem Bounce(s)
2 Unavailable","nostalgia, ULTRA.
(Triptape)","(Late 2009) Frank joins Odd Future.
(Feburary 16th, 2011) nostalgia, ULTRA. officially releases.",,"Breaux decided to join rap collective Odd Future. Breaux had silently started work on an album under Def Jam's nose. Originally slated for a July 4th, 2010 release under the name ""Triptape,"" it was delayed for an unknown reason. While working on the album, Breaux had decided to adopt a new stage name, ""Frank Ocean."" After seemingly no promotion, ""Nostalgia ULTRA."" was released online for free in February 2011."
,Sessions
"nostalgia, ULTRA.","Tyler, The Creator - Analog [Sessions]
(feat. Frank Ocean)","OG Filename: lonny analog
GarageBand project file for ""Analog"" with a Frank Ocean feature.",?:??,,,,,Confirmed,Not Available,https://pillows.su/f/2b90588fe82a2872bd0b0500f9880c78
,Instrumentals
"nostalgia, ULTRA.","Domo Genesis - Steamroller
(feat. Frank Ocean) (prod. Tyler, The Creator)","Instrumental to the second half of ""Steamroller"" by Domo Genesis.",2:20,,"Jun 29, 2025",,,Partial,High Quality,https://pillows.su/f/336c89cc360900ce96485d635cfa40e2
"nostalgia, ULTRA.","Acura Integurl 
(prod. Dre Knight)",Instrumental for Acura Integurl posted over 4 years ago to SoundCloud.,4:40,,,70,,Full,High Quality,"https://soundcloud.com/dreknight/acura-integurl-instrumental
https://pillows.su/f/196ba234ff4cc28fbe6b69f85d9f0e86"
"nostalgia, ULTRA.","Tyler, The Creator - She
(feat. Frank Ocean)","Instrumental to ""She"" that Tyler mentioned in a tweet, said to have been with Snoop Dogg in mind.",4:14,,,84,,Confirmed,Not Available
"3 Full
0 Tagged
0 Partial
0 Snippet(s)
1 OG File(s)
0 Stem Bounce(s)
1 Unavailable","channel ORANGE
(Nostalgia, LITE.)","(Feburary 16th, 2011) (nostalgia, ULTRA. is released.)
(July 10th, 2012) (channel ORANGE is released.)",,"In February 2011, directly after Nostalgia, ULTRA, Ocean began writing new songs with Malay, a producer and songwriter who then assisted him with recording channel ORANGE at EastWest Studios in Hollywood. Rather than rely on samples as he had with his mixtape, Ocean wanted to approach sound and song structure differently on the album. channel ORANGE is the debut studio album by Ocean. It was released on July 10, 2012, by Def Jam Recordings. The lyrics on the album eventually led to Ocean coming out as gay on his Tumblr page in 2012."
,Sessions
channel ORANGE,"No Such Thing As White Jesus [Sessions]
(prod. Hit-Boy)
(Royalty, No White Jesus)","Sessions for ""No Such Thing As White Jesus"" are in circulation.",?:??,,,,,Confirmed,Not Available,N/A
,Instrumentals
channel ORANGE,"Pyramids 
(prod. Om’Mas Keith, Malay & Frank Ocean)",Backing track used for his SNL performance.,,,,132,,Full,Lossless,https://pillows.su/f/482d264556ef3e8c50c59e9226f0fa62
channel ORANGE,"Forrest Gump 
(prod. Frank Ocean, Om’Mas Keith & Malay)",Instrumental used for Frank's Grammy performance of the song.,,,,95,,Full,High Quality,https://pillows.su/f/4ad69e7facb57458fd3b80ea47bb02a8
channel ORANGE,"JAŸ-Z & Kanye West - No Church In The Wild 
(prod. 88-Keys)","OG Filename: ok scope it out & Track 05
OG beat. Is just a loop.",3:31,,"Dec 15, 2024",93,,OG File,CD Quality,https://pillows.su/f/755fd54c1262fafe0babadc2de40e34d
channel ORANGE,"JAŸ-Z & Kanye West - No Church In The Wild 
(prod. 88-Keys, Kanye West, MIKE DEAN & Om'Mas Keith)",Official instrumental.,4:32,,,93,,Full,High Quality,https://pillows.su/f/c14375991ac336ce9e73d94cf21a746d
"0 OG File(s)
0 Full
0 Tagged
0 Partial
0 Snippet(s)
0 Stem Bounce(s)
0 Unavailable","Endless
(46 Minutes of 120 hours in the life of Frank Ocean)","(July 10th, 2012) (channel ORANGE is released.)
(August 19th, 2016) (Endless is released.)",,"In 2013, Ocean confirmed that his follow up to Channel Orange would be another concept album. Endless was recorded in various studios across California, as well as in London, Miami, and Berlin, with production handled primarily by Ocean, Vegyn, Michael Uzowuru, and Troy Noka. After an interminable wait, Ocean fulfilled his contractual obligations and increased his potential profit share from 14 percent to 70 percent of total revenues from Blond within a 24-hour period, seemingly pulling a fast one on the biggest music company in the world."
,Instrumentals
Endless,???,"Many instrumentals were played throughout the Endless stream. Some are of songs on Endless, some are not.",,,,,,Full,Low Quality,https://pillows.su/f/4f671277806e42f34fb9a23a568816f7
"20 Full
0 Tagged
0 Partial
1 Snippet(s)
6 OG File(s)
0 Stem Bounce(s)
1 Unavailable","blonde
(blond, Boys Don't Cry)","(July 10th, 2012) Channel Orange is released.
(August 19th, 2016) Endless is released.
(August 20th, 2016) blonde is released.",,"In 2013, Ocean confirmed that his follow up to Channel Orange would be another concept album. Initially known as Boys Don't Cry and teased for a July 2015 release, the album suffered several delays and was the subject of widespread media anticipation leading up to its release. Beginning in 2013 and ending in 2016, recording for the album took place at New York's Electric Lady Studios and, after a period of writer's block, in London at Abbey Road Studios and in Los Angeles' Henson Recording Studios."
,Sessions
blonde,Blonde [Sessions],It's said that the session to every Blonde song exists and is in circulation. Could very well not exist.,,,,,,Rumored,Not Available,N/A
,Stems
blonde,"JAŸ-Z - White Tuxedo
(feat. Frank Ocean) (prod. Pharrell Williams)
(Oceans)","OG Filename: White Tuxedo CEO FOR TIMB
Stems for an early version of ""Oceans"" sent to Timbaland, dated May 19th, 2013. Leaked on March 2nd, 2026",,"May 19, 2013","Mar 2, 2026",,,Full,Lossless,https://pillows.su/f/8d16ae683b79cf939bc4e0bcf07a90d3
blonde,"Kanye West - New Slaves [Stems]
(feat. Frank Ocean) (prod. Gesaffelstein)","Leaked stems for an early version of ""New Slaves"". Different instrumental, but elements of the final version are present. Also includes some mumble lines.",6:12,"Mar 13, 2013",,150,,OG File,Lossless,https://pillows.su/f/06321422ff56a779bd795f057b33cd36
blonde,"Kanye West - Wolves [Stems]
(feat. Caroline Shaw & Frank Ocean) (prod. Havoc, Cashmere Cat & Sinjin Hawke)",Stems for Caroline Shaw / Havoc version with some unbounced added production.,4:05,,,156,,OG File,Lossless,https://pillows.su/f/6d32d2a0ef20a83a52208c7d7dc0096f
,TV Tracks
blonde,"Kanye West - Wolves [TV Track]
(feat. VIC MENSA, Sia, Caroline Shaw & Frank Ocean) (prod. Cashmere Cat & Sinjin Hawke)","OG Filename: KW - Wolves Glasto TV with bass (6.24.15)
TV Track for the Glastonbury version. Has Kanye adlibs but no lead vocals.",5:23,"Jun 24, 2015",,156,,OG File,Lossless,https://pillows.su/f/b9982c48f55f1c7f167d018306012383
blonde,"Wolves [No Bass]
(feat. VIC MENSA, Sia, Caroline Shaw & Frank Ocean) (prod. Cashmere Cat & Sinjin Hawke)","OG Filename: KW - Wolves Glasto TV No Bass (6.24.15)
TV Track for the Glastonbury version. Excludes bass and has Kanye adlibs but no lead vocals.",5:23,"Jun 24, 2015",,156,,OG File,Lossless,https://pillows.su/f/55868fe721610ec294654f4b65138a11
,Show Mixes
blonde,"Tyler, The Creator - 48 [Show Mix]
(add. Frank Ocean) (prod. Tyler, The Creator)","OG Filename: 01_48-CarnivalShow_1644-REF_10NOV2016
Show mix for 48, made in 2016.",,,"Nov 10, 2016",,,OG File,Lossless,https://pillows.su/f/682cdbff73a272ea8127457ed9e3ee1d
blonde,"Tyler, The Creator - Bimmer [Show Mix]
(feat. Frank Ocean)","OG Filename: Bimmer Show Mix CARNIVAL
TV Track for the Glastonbury version. Excludes bass and has Kanye adlibs but no lead vocals.",?:??,,"Nov 23, 2025",,,Snippet,High Quality,https://pillows.su/f/2e87101c66c7b1a9adb00dadfa59a39d
blonde,"Tyler, The Creator - Bimmer [Show Mix]
(feat. Frank Ocean)","OG Filename: 02 Bimmer-CarnivalShow 1644-REF 10NOV2016
Show mix for ""Bimmer"" that was made for Camp Flog Gnaw 2016 but wasn't played.",1:46,"Nov 10, 2016","Feb 23, 2024",,,OG File,Lossless,https://pillows.su/f/137062641a8b8858da7c2a613d3b0457 <https://pillows.su/f/2e87101c66c7b1a9adb00dadfa59a39d>
,Instrumentals
blonde,Nights,Instrumental version of the second part of Nights. Has an extended second part that isn't present in the final version and a rougher mix.,,,,90.67,,Full,High Quality,https://pillows.su/f/d6f1a84153c10d89e2abdae313a2b396
blonde,"A Slayer's March
(prod. 88-Keys)","OG Filename: 03 a slayer's march - 76.9 BPM
Beat sent to Frank in late 2013, unknown if he ever recorded on. Tagged as Track 3 of 7. Leaked as a bonus for the ""These Days"" groupbuy.",1:41,,"Nov 29, 2023",96.5,,Full,CD Quality
blonde,"Al Bundy
(prod. 88-Keys)","OG Filename: 01 al bundy - 86.9 BPM
Beat sent to Frank in late 2013, unknown if he ever recorded on. Tagged as Track 1 of 7. Leaked as a bonus for the ""These Days"" groupbuy.",0:45,,"Nov 29, 2023",134.9,,Full,CD Quality
blonde,"Ancient Rituals
(prod. 88-Keys)","OG Filename: 07 ancient rituals - 73 BPM
Beat sent to Frank in late 2013, unknown if he ever recorded on. Tagged as Track 7 of 7 Leaked as a bonus for the ""These Days"" groupbuy.",1:20,,"Apr 30, 2023",73,,Full,CD Quality
blonde,"Chico
(prod. Hudson Mohawke)","Beat sent to Frank sometime in 2015. Unknown if ever recorded on. Leaked on December 9th, 2015. Later reused by PayAttention on the 2021 song ""You"".",3:50,,"Dec 9, 2015",,,Full,CD Quality
blonde,"Dreaming Of NY
(prod. 88-Keys)","OG Filename: 02 dreaming of ny - 96.5 BPM
Beat sent to Frank in late 2013, unknown if he ever recorded on. Tagged as Track 2 of 7. Leaked as a bonus for the ""These Days"" groupbuy.",1:01,,"Apr 30, 2023",96.5,,Full,CD Quality
blonde,"Escape
(prod. Hudson Mohawke)","Beat sent to Frank sometime in 2015. Unknown if ever recorded on. Leaked on December 9th, 2015. Later released by Hudson Mohawke in 2016.",2:57,,"Dec 9, 2015",,,Full,CD Quality
blonde,"Find ur Way
(prod. Hudson Mohawke)","Beat sent to Frank sometime in 2015. Unknown if ever recorded on. Leaked on December 9th, 2015.",3:32,,"Dec 9, 2015",,,Full,CD Quality
blonde,"Glyph
(prod. Hudson Mohawke)","Beat sent to Frank sometime in 2015. Unknown if ever recorded on. Leaked on December 9th, 2015.",3:40,,"Dec 9, 2015",,,Full,CD Quality
blonde,"Kill To Feel
(prod. 88-Keys)","OG Filename: 05 kill to feel - 76.4 BMP
Beat sent to Frank in late 2013, unknown if he ever recorded on. Tagged as Track 5 of 7. BPM is mispelled as ""BMP"". Leaked as a bonus for the ""These Days"" groupbuy.",1:41,,"Nov 29, 2023",76.4,,Full,CD Quality
blonde,"One More Beat
(prod. 88-Keys)","OG Filename: one more beat - 83.1 BPM
Beat sent to Frank in late 2013, unknown if he ever recorded on. Tagged as Track 4 of 7. Leaked as a bonus for the ""These Days"" groupbuy.",1:33,,"Nov 29, 2023",83.1,,Full,CD Quality
blonde,"Rice Chips
(prod. Hudson Mohawke)","Beat sent to Frank sometime in 2015. Unknown if ever recorded on. Leaked on December 9th, 2015.",4:17,,"Dec 9, 2015",,,Full,CD Quality
blonde,"Sloweye
(prod. Hudson Mohawke)","Beat sent to Frank sometime in 2015. Unknown if ever recorded on. Leaked on December 9th, 2015. Later reused by ANOHNI in their 2016 song ""4 Degrees"".",4:06,,"Dec 9, 2015",,,Full,CD Quality
blonde,"Solstice
(prod. Hudson Mohawke)","Beat sent to Frank sometime in 2015. Unknown if ever recorded on. Leaked on December 9th, 2015. Later would be released by Hudson Mohawke in 2020.",3:35,,"Dec 9, 2015",,,Full,CD Quality
blonde,"The Final Hour
(prod. Hudson Mohawke)","Beat sent to Frank sometime in 2015. Unknown if ever recorded on. Leaked on December 9th, 2015. Later reused by Bodega Bamz in their 2016 song The Final Finale.",3:45,,"Dec 9, 2015",,,Full,CD Quality
blonde,"Where The
(prod. Hudson Mohawke)","Beat sent to Frank sometime in 2015. Unknown if ever recorded on. Leaked on December 9th, 2015.",4:24,,"Dec 9, 2015",,,Full,CD Quality
blonde,"Earl Sweatshirt - Sunday 
(feat. Frank Ocean) (prod. randomblackdude & Frank Ocean)",Official instrumental.,3:20,,"Aug 18, 2023",,,Full,Lossless,https://pillows.su/f/cb60c0ce9c0ac0d57566be2771b3e04f
blonde,"Tyler, The Creator - 48 
(add. Frank Ocean) (prod. Tyler, The Creator)",Official instrumental.,4:00,,"Apr 7, 2023",,,Full,Lossless,https://pillows.su/f/ddb0e0468598d4599039674e13a0c0f9
blonde,"Tyler, The Creator - Bimmer 
(feat. Frank Ocean) (prod. Tyler, The Creator)",Official instrumental.,2:26,,"Apr 7, 2023",,,Full,Lossless,https://pillows.su/f/d7ac5de45ac61a34380681328eeae978
"0 OG File(s)
0 Full
0 Tagged
0 Partial
0 Snippet(s)
0 Stem Bounce(s)
0 Unavailable",blonded radio,"(August 20th, 2016) blonde is released.
(Feburary 14th, 2018) Last loosie single is released.",,"After the release of Blonde, Frank decided to host a radio show, where he would show off his and other's music. In the first run of Blonded Radio, the first episode aired February 2017, and the last in May 2017. No other episodes aired until GTA 5 added the radio station, ""blonded Los Santos 97.8 FM."" This was mainly a playlist of music and showed off no new tracks. On November 6, 2018, 3 episodes aired encouraging viewers to vote during the midterm elections. This would be the last of Blonded Radio until the rollout of Frank's next project."
,Stems
blonded radio,"Biking [V1]
(prod. Vegyn)","Stems for demo version leaked as bonus for the ""Pre"" groupbuy.",,,,144,,Full,CD Quality,https://pillows.su/f/6a30576d9e1377c6e1b3268cecd92cf0
,Acapellas
blonded radio,"Tyler, The Creator - 911 
(feat. Frank Ocean & Steve Lacy) (prod. Tyler, The Creator)","OG Filename: 12_911-Acapella_1644-REF_14Aug2017
Acapella for ""911"" by Tyler, The Creator. Leaked on February 22nd, 2024.",,,,,,OG File,CD Quality,https://pillows.su/f/10f7174073c889760b1521bbd9eb978d
,TV Tracks
blonded radio,"Tyler, The Creator - 911 [TV Track]
(prod. Tyler, The Creator)","OG Filename: 02 911-ShowMixTVNoFOVox 1644-REF 24Jul2017
Early version of the ""911"" show mix, has no Frank Ocean vocals. Dated July 24th, 2017.",2:59,,"Feb 23, 2024",,,OG File,High Quality,https://pillows.su/f/c8e885102132d4c39877d4baaf7851ae
blonded radio,"Tyler, The Creator - 911 [TV Track]
(prod. Tyler, The Creator)
(Where Da Flower Bloomz)","OG Filename: 03 911-ShowMixTVWithFOVox 1644-REF 24Jul2017
Early version of the ""911"" show mix, does have Frank Ocean vocals. Dated July 24th, 2017.",2:59,,"Feb 23, 2024",,,OG File,High Quality,https://pillows.su/f/dfd0de53b875137ae22b4899e3e4dc3e
,Show Mixes
blonded radio,"Tyler, The Creator - 911 [Show Mixes]
(prod. Tyler, The Creator)
(Where Da Flower Bloomz)","OG Filename: 04 911-ShowMix 1644-REF 13Jul2017
Show mix for ""911"" with an alternate intro and extended outro. Dated July 13th, 2017. According to Tyler, this is from the 17th version of 911",4:01,,"Feb 23, 2024",,,OG File,High Quality,https://pillows.su/f/9a0c460bee55a4a7085e2561c331eb1f
,Instrumentals
blonded radio,Spaceman,"OG Filename: Spaceman_88.9BPM_InstNoDrums
Instrumental to Spaceman without any drums.",,,,88.9,,OG File,Lossless,https://pillows.su/f/7c0de64ca211896d445b896e539802a9
blonded radio,"Calvin Harris - Slide [Inst]
(prod. Calvin Harris) (feat. Frank Ocean & Migos)","Instrumental to ""Slide"", released on vinyl and on Calvin Harris' Youtube channel.",,,,,,Full,CD Quality,https://pillows.su/f/ba8fd2a167a0465ac9c384c26646e085
blonded radio,"Tyler, The Creator - 911 
(prod. Tyler, The Creator)","OG Filename: 10_911-Instrumental_1644-REF_14Aug2017
Instrumental for ""911"" by Tyler, The Creator. Leaked on February 22nd, 2024.",,,,,,OG File,CD Quality,https://pillows.su/f/0cb535801afa3771921792b143e5b11a
blonded radio,"Tyler, The Creator - Where This Flower Blooms 
(prod. Tyler, The Creator)
(Where Da Flower Bloomz)",Official instrumental.,,,,,,Full,High Quality,https://pillows.su/f/15111e80cec5395f0f1c2d474590fdc3
"0 OG File(s)
0 Full
0 Tagged
0 Partial
0 Snippet(s)
0 Stem Bounce(s)
0 Unavailable","Look At Us, We're In Love
(PACO, PrEP+)","(Feburary 14th, 2018) Last loosie single is released
(Feburary 8th, 2020) Ryan Breaux passes away",,"""Look At Us, We're In Love"" was an unreleased, house-and-techno-inspired Frank Ocean project. Rather than a traditional album, it was designed as a series of singles for listeners to playlist, with several tracks dropping between 2019 and 2020. The project was shelved in 2020 due to the pandemic (which canceled his tour) and the tragic death of his brother, Ryan Breaux. However, recent promotional posters hint that Ocean is interested in making albums again."
"Look At Us, We're In Love","Bon Iver - Coral [V1]
(ref. Frank Ocean) (prod. Justin Vernon)",Instrumental to Coral V1.,,,,,,Full,Lossless,https://pillows.su/f/65c6a1e75152cdbc74ed77854f7a2d2c
"Look At Us, We're In Love","Errbody
(prod. Vegyn & Teo Halm)","OG Filename: Errbody - Teo + Vegyn 002 FO
Beat named ""Errbody"" produced by Vegyn that Frank recorded over.",,,,,,Full,High Quality,https://pillows.su/f/aa622cf248ee4fe1eb5b5c67307d0097 <https://pillows.su/f/65c6a1e75152cdbc74ed77854f7a2d2c>
