Era,Name,Notes,Designer,Form,Image,Type,Use,Links
Featuring Ty Dolla $ign,Ego Death,"Official cover for ""Ego Death"".",Harry Buggz,Digital,,Front Cover,Used,"https://ibb.co/BKfdzXvW
https://archive.org/details/7122306"
Featuring Ty Dolla $ign,Ego Death,"Billboard for ""Ego Death"", featuring a different design of Skrillex's character.",Harry Buggz,Photo,,Front Cover,Used,https://ibb.co/VWTkVtFs
Featuring Ty Dolla $ign,Ego Death,"Rough draft for ""Ego Death"".",Harry Buggz,Digital,,Front Cover,Concept Art,https://ibb.co/KmYHZxt
Featuring Ty Dolla $ign,Ego Death,"Rough draft for ""Ego Death"".",Harry Buggz,Digital,,Front Cover,Concept Art,https://ibb.co/X2cgjLH
Featuring Ty Dolla $ign,Ego Death,"Rough draft for ""Ego Death"".",Harry Buggz,Digital,,Front Cover,Concept Art,https://ibb.co/TgLwp6w
Featuring Ty Dolla $ign,Ego Death,Concept art for Ty's character.,Harry Buggz,Digital,,Concept Art,Concept Art,https://ibb.co/gmZN034
Featuring Ty Dolla $ign,Ego Death,Concept art for Ye's character.,Harry Buggz,Digital,,Concept Art,Concept Art,https://ibb.co/bm67VHq
Featuring Ty Dolla $ign,Ego Death,Concept art for FKA twigs' character.,Harry Buggz,Digital,,Concept Art,Concept Art,https://ibb.co/tH0SzPD
Featuring Ty Dolla $ign,Ego Death,"Concept art for a dancer character featured in the ""Ego Death"" music video.",Harry Buggz,Digital,,Concept Art,Concept Art,https://ibb.co/pv7kf8M
Beach House 4 [V2],Beach House 4,"One of nine covers designed by RVDIO Design that were submitted for Beach House 4. It's unknown if these covers were actually considered for the album by Ty, but it's unlikely that they were. Found on RVDIO's design portfolio.",RVDIO,Digital,,Front Cover,Unused,https://ibb.co/4n3Y8h3x
Beach House 4 [V2],Beach House 4,"One of nine covers designed by RVDIO Design that were submitted for Beach House 4. It's unknown if these covers were actually considered for the album by Ty, but it's unlikely that they were. Found on RVDIO's design portfolio.",RVDIO,Digital,,Front Cover,Unused,https://ibb.co/ccqD2DX3
Beach House 4 [V2],Beach House 4,"One of nine covers designed by RVDIO Design that were submitted for Beach House 4. It's unknown if these covers were actually considered for the album by Ty, but it's unlikely that they were. Found on RVDIO's design portfolio.",RVDIO,Digital,,Front Cover,Unused,https://ibb.co/6cm0cKs8
Beach House 4 [V2],Beach House 4,"One of nine covers designed by RVDIO Design that were submitted for Beach House 4. It's unknown if these covers were actually considered for the album by Ty, but it's unlikely that they were. Found on RVDIO's design portfolio.",RVDIO,Digital,,Front Cover,Unused,https://ibb.co/cKSnTrLx
Beach House 4 [V2],Beach House 4,"One of nine covers designed by RVDIO Design that were submitted for Beach House 4. It's unknown if these covers were actually considered for the album by Ty, but it's unlikely that they were. Found on RVDIO's design portfolio.",RVDIO,Digital,,Front Cover,Unused,https://ibb.co/23chfZc7
Beach House 4 [V2],Beach House 4,"One of nine covers designed by RVDIO Design that were submitted for Beach House 4. It's unknown if these covers were actually considered for the album by Ty, but it's unlikely that they were. Found on RVDIO's design portfolio.",RVDIO,Digital,,Front Cover,Unused,https://ibb.co/LzK5kw4V
Beach House 4 [V2],Beach House 4,"One of nine covers designed by RVDIO Design that were submitted for Beach House 4. It's unknown if these covers were actually considered for the album by Ty, but it's unlikely that they were. Found on RVDIO's design portfolio.",RVDIO,Digital,,Front Cover,Unused,https://ibb.co/jvvDK1MC
Beach House 4 [V2],Beach House 4,"One of nine covers designed by RVDIO Design that were submitted for Beach House 4. It's unknown if these covers were actually considered for the album by Ty, but it's unlikely that they were. Found on RVDIO's design portfolio.",RVDIO,Digital,,Front Cover,Unused,https://ibb.co/gFTvPRPh
Beach House 4 [V2],Beach House 4,"One of nine covers designed by RVDIO Design that were submitted for Beach House 4. It's unknown if these covers were actually considered for the album by Ty, but it's unlikely that they were. Found on RVDIO's design portfolio.",RVDIO,Digital,,Front Cover,Unused,https://ibb.co/Ng5RnxKx
VULTURES 2,VULTURES 2,"Official cover for VULTURES 2. According to Ty, this cover is a photo, taken by Aus Taylor, of an action figure that was gifted to Ty by a fan.",Aus Taylor,Digital,,Front Cover,Used,https://ibb.co/NnY4LhLg
VULTURES 2,VULTURES 2,"In an interview with Big Boy, it was revealed that Ye was in Paris with Pharrell, Aus, and others, when a sketch of Ty holding a photo of TC was made that ""everybody liked"".",Aus Taylor,Photo,N/A,Concept Art,Concept Art,Source Needed
VULTURES 2,VULTURES 2,Alternate cover for VULTURES 2 that was used as Ty's profile picture on Instagram.,Aus Taylor,Digital,,Front Cover,Alternate,https://ibb.co/brn2d84
VULTURES 2,VULTURES 2,"Alternate cover for VULTURES 2. Posted by Ye to Instagram on March 9, 2024.",Aus Taylor,Digital,,Front Cover,Alternate,https://ibb.co/1YKvYT4K
VULTURES 2,VULTURES 2,"Alternate cover for VULTURES 2. Posted by Victor Shevchenko to Instagram on March 10, 2026.",Aus Taylor,Photo,,Front Cover,Alternate,https://ibb.co/MD3hKm0t
VULTURES 2,VULTURES 2,"Alternate cover for VULTURES 2. Posted by Ty Dolla $ign to Instagram on March 9, 2024.",Aus Taylor,Digital,,Front Cover,Alternate,https://ibb.co/WvVpTTtr
VULTURES 2,Vultures Vol. 2,"Alternate cover for VULTURES 2. Posted by Ye to Instagram on January 23, 2024.",Gosha Rubchinskiy & Valentin Fufaev,Digital,,Front Cover,Alternate,https://ibb.co/Ld6rLCTg
TYCOON,TYCOON,Official cover for TYCOON.,Kid Super,Digital,,Front Cover,Used,https://ibb.co/SSLSVrb
TYCOON,AUGER LEAKS,Cover for the TYCOON bonus tracks sent out by Auger96 to fans who purchased the album.,Unknown,Digital,,Front Cover,Used,https://ibb.co/CKY0Qr6t
TYCOON,TYCOON,Alternate cover for TYCOON.,Unknown,Digital,,Front Cover,Alternate,https://ibb.co/2YP5x2dK
TYCOON,TYCOON,Alternate cover for TYCOON.,Unknown,Digital,,Front Cover,Alternate,https://ibb.co/DDcdxGGT
TYCOON,TYCOON,"Mugshot promo posters with Future, Lil Baby, and 2 Chainz.",Unknown,Photo,,Promo Art,Used,Link Needed
TYCOON,TYCOON,Mugshot promo posters with Leon Thomas and Rich The Kid.,Unknown,Photo,,Promo Art,Used,Link Needed
TYCOON,TYCOON,Mugshot promo posters with YG and Tyga.,Unknown,Photo,,Promo Art,Used,Link Needed
TYCOON,TYCOON,Mugshot promo posters with Kodak Black.,Unknown,Photo,,Promo Art,Used,Link Needed
TYCOON,TYCOON,Mugshot promo posters with Travis Scott.,Unknown,Photo,,Promo Art,Used,Link Needed
TYCOON,TYCOON,"Unused promo posters with Playboi Carti, Destroy Lonely, and Chloe Bailey.",Unknown,Photo,,Promo Art,Unused,Link Needed
TYCOON,Wheels Fall Off,"Official cover for ""Wheels Fall Off'.",Unknown,Digital,,Front Cover,Used,https://ibb.co/tpWXrDfM
TYCOON MA$HUPS,TYCOON MA$HUPS,Official cover for TYCOON MA$HUPS.,jabba.gfx,Digital,,Front Cover,Used,https://ibb.co/V0YBK7cH
TYCOON MA$HUPS,TYCOON MA$HUPS,Alternate cover for TYCOON MA$HUPS.,jabba.gfx,Digital,,Front Cover,Alternate,https://ibb.co/wN5N0Kzs
AIRPLANE MODE 2,AIRPLANE MODE 2,"Official cover for AIRPLANE MODE 2 texted by Ty to Auger96 on October 3, 2025.",Unknown,Digital,,Front Cover,Used,https://ibb.co/wrSR2b83
girl music vol. 1,girl music vol. 1,Official cover for girl music vol. 1.,Unknown,Digital,,Front Cover,Used,https://ibb.co/VpmFxKb3
girl music vol. 1,girl music,Ty's profile picture on all socials while promoting girl music vol. 1.,Unknown,Digital,,Promo Art,Used,https://ibb.co/TxsbcMvV
girl music vol. 1,Unknown [Alt Covers],"According to jabba.gfx, who designed the cover for TYCOON MASHUPS as well as promotional material for Ty's streams, they sent in multiple album cover concepts as well as promo material based on ideas sent to them by Ty and his team.",jabba.gfx,Digital,N/A,Promo Art,Unused,Source Needed
girl music vol. 1,girl music,"Promo image with Halle Berry posted to Ty's Instagram on February 9, 2026, captioned ""girl music"".",Unknown,Digital,,Promo Art,Used,https://ibb.co/WvnHjz8G
girl music vol. 1,girl music,"Promo image with Naomi Campbell posted to Ty's Instagram on February 9, 2026, captioned ""girl music"".",Unknown,Digital,,Promo Art,Used,https://ibb.co/0RgvrjQ2
girl music vol. 1,girl music,"Promo image with Lisa Bonet posted to Ty's Instagram on February 9, 2026, captioned ""girl music"".",Unknown,Digital,,Promo Art,Used,https://ibb.co/ymKBXJk2
girl music vol. 1,girl music,"Promo image with Brandy posted to Ty's Instagram on February 10, 2026, captioned ""girl music"".",Unknown,Digital,,Promo Art,Used,https://ibb.co/HDSGG35L
girl music vol. 1,girl music,"Promo image with Mona Tougaard posted to Ty's Instagram on February 10, 2026, captioned ""girl music"".",Unknown,Digital,,Promo Art,Used,https://ibb.co/1fdc1G16
girl music vol. 1,girl music,"Promo image with Kehlani posted to Ty's Instagram on February 10, 2026, captioned ""girl music"".",Unknown,Digital,,Promo Art,Used,https://ibb.co/mrDqy3Zw
girl music vol. 1,girl music,"Promo image with Pamela Anderson posted to Ty's Instagram on February 10, 2026, captioned ""girl music"".",Unknown,Digital,,Promo Art,Used,https://ibb.co/QF7nMqcC
girl music vol. 1,girl music,"Promo image with Lucy Liu posted to Ty's Instagram on February 10, 2026, captioned ""girl music"".",Unknown,Digital,,Promo Art,Used,https://ibb.co/MkMs881d
girl music vol. 1,girl music,"Promo image with Gabrielle Union posted to Ty's Instagram on February 10, 2026, captioned ""girl music"".",Unknown,Digital,,Promo Art,Used,https://ibb.co/mC5VLbxX
girl music vol. 1,girl music,"Promo image with Zoë Kravitz posted to Ty's Instagram on February 10, 2026, captioned ""girl music"".",Unknown,Digital,,Promo Art,Used,https://ibb.co/LDC5pMFx
girl music vol. 1,girl music,"Promo image with Mariah Carey posted to Ty's Instagram on February 10, 2026, captioned ""girl music"".",Unknown,Digital,,Promo Art,Used,https://ibb.co/YTXSkyxQ
girl music vol. 1,girl music,"Promo image with Olandria Carthen posted to Ty's Instagram on February 10, 2026, captioned ""girl music"".",Unknown,Digital,,Promo Art,Used,https://ibb.co/XZPtcJb7
girl music vol. 1,girl music,"Promo image with Marge Simpson posted to Ty's Instagram on February 10, 2026, captioned ""girl music"".",Unknown,Digital,,Promo Art,Used,https://ibb.co/wF5X53VK
girl music vol. 1,girl music,"Promo image with Tyla posted to Ty's Instagram on February 10, 2026, captioned ""girl music"".",Unknown,Digital,,Promo Art,Used,https://ibb.co/BHW6VBZ3
girl music vol. 1,girl music,"Promo image with Gwen Stefani posted to Ty's Instagram on February 10, 2026, captioned ""girl music"".",Unknown,Digital,,Promo Art,Used,https://ibb.co/Fk7xsDYS
girl music vol. 1,girl music,"Promo image with Sade Adu posted to Ty's Instagram on February 10, 2026, captioned ""girl music"".",Unknown,Digital,,Promo Art,Used,https://ibb.co/5xvnQmgJ
girl music vol. 1,girl music,"Promo image with Zendaya posted to Ty's Instagram on February 10, 2026, captioned ""girl music"".",Unknown,Digital,,Promo Art,Used,https://ibb.co/5WJ5PVxf
girl music vol. 1,girl music,"Promo image with pornstar Pinkyxxx posted to Ty's Instagram on February 10, 2026, captioned ""the GOAT"".",Unknown,Digital,,Promo Art,Used,https://ibb.co/gMrM8mLG
girl music vol. 1,girl music,"Promo for the first girl music LP on February 13, 2026.",Unknown,Digital,,Promo Art,Used,https://ibb.co/RkcBXzmZ
girl music vol. 1,girl music,"Promo for the first Valentine's day girl music event on February 13, 2026.",Unknown,Digital,,Promo Art,Used,https://ibb.co/Z6HgbcQn
girl music vol. 1,girl music,"Promo for the second Valentine's day girl music event on February 15, 2026.",Unknown,Digital,,Promo Art,Used,https://ibb.co/bMpJW41x
girl music vol. 1,girl music,,Unknown,Photo,,Promo Art,Used,https://ibb.co/nqfyW3YJ
girl music vol. 1,girl music,,Unknown,Digital,,Promo Art,Used,https://ibb.co/j9qWdFGV
girl music vol. 1,girl music,,Unknown,Photo,,Promo Art,Used,https://ibb.co/WvgYSqvM
girl music vol. 1,girl music,,Unknown,Photo,,Promo Art,Used,https://ibb.co/KpJQ5Xj6
girl music vol. 1,girl music,,Unknown,Photo,,Promo Art,Used,https://ibb.co/4RYtShPZ
girl music vol. 1,girl music,,Unknown,Photo,,Promo Art,Used,https://ibb.co/W4bsyjZL
girl music vol. 1,girl music,,Unknown,Photo,,Promo Art,Used,https://ibb.co/jZrjZxz5
girl music vol. 1,girl music,,Unknown,Photo,,Promo Art,Used,https://ibb.co/rGn3hMjW
girl music vol. 1,girl music,,Unknown,Photo,,Promo Art,Used,https://ibb.co/84BsCzJs
girl music vol. 1,girl music,,Unknown,Photo,,Promo Art,Used,https://ibb.co/wr4X8cBk
girl music vol. 1,girl music,,Unknown,Photo,,Promo Art,Used,https://ibb.co/TxDPDsFL
girl music vol. 1,girl music,,Unknown,Photo,,Promo Art,Used,https://ibb.co/hRwCxQDP
girl music vol. 1,girl music,,Unknown,Photo,,Promo Art,Used,https://ibb.co/v6Ltpw16
girl music vol. 1,girl music,,Unknown,Photo,,Promo Art,Used,https://ibb.co/mC6LZM9n
girl music vol. 1,girl music,,Unknown,Photo,,Promo Art,Used,https://ibb.co/M5yFsdHy
girl music vol. 1,girl music,,Unknown,Photo,,Promo Art,Used,https://ibb.co/whGFJx1h
girl music vol. 1,girl music,,Unknown,Photo,,Promo Art,Used,https://ibb.co/6kdJXbM
girl music vol. 1,girl music,,Unknown,Photo,,Promo Art,Used,https://ibb.co/BVdxDFnH
girl music vol. 1,girl music,,Unknown,Photo,,Promo Art,Used,https://ibb.co/xS3nyNRS
SUCIO SOUND SYSTEM,Bad & U Know It,"Official cover for ""Bad & U Know It"".",Unknown,Digital,,Front Cover,Used,https://ibb.co/wrQdyHB7
SUCIO SOUND SYSTEM,Bad & U Know It,"Alternate cover for ""Bad & U Know It"", lacking the text on the image.",Unknown,Digital,,Front Cover,Alternate,https://ibb.co/Z1xkwrZp
