Era,Name,Notes,Length,File Date,Leak Date,Type,Availability,Quality,Links
"0 OG File(s)
0 Full
0 Tagged
0 Partial
0 Snippet(s)
0 Unavailable","Free TC
(Airplane Mode)","(08/25/2014) ($ign Language is officially released)
(10/13/2015) (Airplane Mode is officially released)
(11/13/2015) (Free TC is officially released)",,,"
Ty Dolla $ign's debut album Free TC is a album dedicated to his brother TC, currently serving a life sentence for a crime he and his family claim he didn't commit. A month prior to dropping his debut album, Ty would drop the 10 track project Airplane Mode to serve as a kind of teaser for the project.
",,,,
,Never Recorded,,,,,,,,
Free TC,"Straight Up / Finale
(feat. Kanye West)","OG Filename: 13 TY FREE TC STRAIGHT UP FINALE 04 05 15 AB
Combined version of ""Straight Up"" and ""Finale"", with the outro skit from ""Actress"" in between. Has Ty's original, uncensored verse on ""Straight Up"". The file was found in a folder named ""#Malik & Kanye"", indicating that Ty wanted Ye on the song and Malik Yusef was likely intended to write a reference for him; however, Ye never recorded for the song. Unknown when this leaked.",10:33,"Apr 5, 2025",,Feature,OG File,CD Quality,https://pillows.su/f/f1daf6fdbeaef51e1ae1990c83ee186e
"0 OG File(s)
0 Full
0 Tagged
0 Partial
0 Snippet(s)
0 Unavailable",Beach House 4 [V1],"(10/23/2020) (Featuring Ty Dolla $ign is officially released)
(06/29/2023) (Ty Dolla $ign goes to Tokyo to work with Ye)",,,"
Following the release of Featuring Ty Dolla $ign, Ty would begin to sproadically begin work on collab albums with a variety of his longtime collaborators, including dvsn, Mustard, Juicy J, damn james!, Joe Moses, 24kGoldn and others, only one of these ended up seeing the light of day. During this time, Ty was still hard at work on solo music, and announced on Twitter whether fans wanted ""$ign Language 2"" or ""Airplane Mode 2"" at the beginning of 2022. However throughout the next 3 years, the project would eventually evolve into Beach House 4 and again into VULTURES once Ty went to Japan. The cover for this era is from the ""2022"" single, as we don't have any official art.
",,,,
,Other,,,,,,,,
Beach House 4 [V1],Smells Like Teen Spirit,"Video of Ty playing guitar to the riff of ""Smells Like Teen Spirit"" together with a band in the studio. Posted by Ty Dolla $ign to Twitter on January 11, 2021.",1:13,,"Jan 11, 2021",Other,Full,Recording,Link Needed
Beach House 4 [V1],???,"Video of Ty playing guitar to a few of his songs along with a band. Posted by Ty Dolla $ign to TikTok on November 23, 2021.",,,"Nov 23, 2021",Other,Snippet,Recording,Link Needed
"0 OG File(s)
1 Full
0 Tagged
0 Partial
3 Snippet(s)
18 Unavailable","Bad Bitch Playbook
(Collaboration with Kanye West as ¥$)
(Bad Bitch Play Book, ¥$, Vultures, Angels)","(07/27/2023) (¥$ go to Italy)
(10/28/2023) (¥$ go to Saudi and the project becomes VULTURES 1)",,,"
Ye and Ty Dolla $ign would frequently collaborate in Japan during the sessions for Ye’s solo album, YEBU, and Ty’s solo album, Beach House 4, hinting at a joint project together. A snippet of the song “Back To Me” was teased on October 2, 2023, and the collaborative album would be confirmed the same day via Instagram. As the duo moved to Saudi Arabia to continue work for the project in October 2023, the album would be renamed from Bad Bitch Playbook to Vultures, then eventually VULTURES 1, with a change in the project’s sound and direction.
",,,,
,Never Recorded,,,,,,,,
¥$,"New Body
(feat. Doja Cat)","OG Filename: New Body 9.27.33 Inst
An updated version of the song's instrumental was sent to Doja Cat and Ice Spice to record on. According to Doja Cat's manager, she never recorded for the song.",,"Sep 27, 2023",,Feature,Confirmed,Not Available,"https://pillows.su/f/88c032772019d3d9db681e54a5179e10
https://pillows.su/f/36dda44763a5f995ef254a6f98ea1b92"
¥$,"Lester Nowhere - LOOP 1
(prod. Lester Nowhere)","OG Filename: LOOP 1 130BPM B...[?]
Lester Nowhere loop that was given to Ye in Italy. Unknown if this was recorded on. Filename seen on Lester Nowhere's laptop.",,"Aug 9, 2023",,Instrumental,Confirmed,Not Available,https://ibb.co/Qs9gqtj
¥$,"Lester Nowhere - LOOP 2
(prod. Lester Nowhere)","OG Filename: LOOP 2 83BPM Eb...ful Friendship)
Lester Nowhere loop that was given to Ye in Italy. Unknown if this was recorded on. Filename seen on Lester Nowhere's laptop.",,"Aug 9, 2023",,Instrumental,Confirmed,Not Available,https://ibb.co/Qs9gqtj
¥$,"Lester Nowhere - LOOP 3
(prod. Lester Nowhere)","OG Filename: LOOP 3 FASTER t...(Celeste - [?])
Lester Nowhere loop that was given to Ye in Italy. Unknown if this was recorded on. Filename seen on Lester Nowhere's laptop.",,"Aug 10, 2023",,Instrumental,Confirmed,Not Available,https://ibb.co/Qs9gqtj
¥$,"Lester Nowhere - LOOP 4
(prod. Lester Nowhere)","OG Filename: LOOP 4 105BPM A...rget too Easy)
Lester Nowhere loop that was given to Ye in Italy. Unknown if this was recorded on. Filename seen on Lester Nowhere's laptop.",,"Aug 9, 2023",,Instrumental,Confirmed,Not Available,https://ibb.co/Qs9gqtj
¥$,"Lester Nowhere - LOOP 5
(prod. Lester Nowhere)","OG Filename: LOOP 5 155BPM Eb
Lester Nowhere loop that was given to Ye in Italy. Unknown if this was recorded on. Filename seen on Lester Nowhere's laptop.",,"Aug 9, 2023",,Instrumental,Confirmed,Not Available,https://ibb.co/Qs9gqtj
¥$,"Lester Nowhere - LOOP 7
(prod. Lester Nowhere)","OG Filename: LOOP 7 130BPM D...ah - [?])
Lester Nowhere loop that was given to Ye in Italy. Unknown if this was recorded on. Filename seen on Lester Nowhere's laptop.",,"Aug 9, 2023",,Instrumental,Confirmed,Not Available,https://ibb.co/Qs9gqtj
¥$,"Lester Nowhere - LOOP 8
(prod. Lester Nowhere)","OG Filename: LOOP 8 145BPM Em
Lester Nowhere loop that was given to Ye in Italy. Unknown if this was recorded on. Filename seen on Lester Nowhere's laptop.",,"Aug 9, 2023",,Instrumental,Confirmed,Not Available,https://ibb.co/Qs9gqtj
¥$,"Lester Nowhere - LOOP 9
(prod. Lester Nowhere)","OG Filename: LOOP 9 97BPM Ab...- I'm Satisfied)
Lester Nowhere loop that was given to Ye in Italy. Unknown if this was recorded on. Filename seen on Lester Nowhere's laptop.",,"Aug 9, 2023",,Instrumental,Confirmed,Not Available,https://ibb.co/Qs9gqtj
¥$,"Lester Nowhere - LOOP 11
(prod. Lester Nowhere)","OG Filename: LOOP 11 72BPM F
Lester Nowhere loop that was given to Ye in Italy. Unknown if this was recorded on. Filename seen on Lester Nowhere's laptop.",,"Aug 9, 2023",,Instrumental,Confirmed,Not Available,https://ibb.co/Qs9gqtj
¥$,"Lester Nowhere - LOOP 12
(prod. Lester Nowhere)","OG Filename: LOOP 12 87BPM E...[?] - Angel)
Lester Nowhere loop that was given to Ye in Italy. Unknown if this was recorded on. Samples ""Angel"" by an unknown artist. Filename seen on Lester Nowhere's laptop.",,"Aug 9, 2023",,Instrumental,Confirmed,Not Available,https://ibb.co/Qs9gqtj
¥$,"Lester Nowhere - LOOP 13
(prod. Lester Nowhere)","OG Filename: LOOP 13 73BPM Abm
Lester Nowhere loop that was given to Ye in Italy. Unknown if this was recorded on. Filename seen on Lester Nowhere's laptop.",,"Aug 9, 2023",,Instrumental,Confirmed,Not Available,https://ibb.co/Qs9gqtj
¥$,"Lester Nowhere - LOOP 17
(prod. Lester Nowhere)","OG Filename: LOOP 17 90BPM Fm (My bloody valentine - Loomer)
Lester Nowhere loop that was given to Ye in Italy. Unknown if this was recorded on. Samples ""Loomer"" by My Bloody Valentine. Filename seen on Lester Nowhere's laptop. Snippet posted by Lester Nowhere to Instagram on April 4th, 2025.",0:53,"Aug 10, 2023","Apr 4, 2025",Instrumental,Snippet,Recording,https://pillows.su/f/393a5ded86b95a5a2dc1d78048926aff
¥$,"Lester Nowhere - LOOP 18 [V1]
(prod. Lester Nowhere)","OG Filename: LOOP 18 105BPM C... - Late This Year)
Lester Nowhere loop that was given to Ye in Italy. Samples ""Late This Year"" by an unknown artist. Filename seen on Lester Nowhere's laptop.",,"Aug 10, 2023",,Instrumental,Confirmed,Not Available,https://ibb.co/Qs9gqtj
¥$,"Lester Nowhere - LOOP 19
(prod. Lester Nowhere)","OG Filename: LOOP 19 83BPM C...[?] - No Words)
Lester Nowhere loop that was given to Ye in Italy. Unknown if this was recorded on. Samples ""No Words"" by an unknown artist. Filename seen on Lester Nowhere's laptop.",,"Aug 11, 2023",,Instrumental,Confirmed,Not Available,https://ibb.co/Qs9gqtj
¥$,"Lester Nowhere - LOOP 21
(prod. Lester Nowhere)","OG Filename: LOOP 21 100BPM...[?] - Cabaret)
Lester Nowhere loop that was given to Ye in Italy. Unknown if this was recorded on. Samples ""Cabaret"" by an unknown artist. Filename seen on Lester Nowhere's laptop.",,"Aug 12, 2023",,Instrumental,Confirmed,Not Available,https://ibb.co/Qs9gqtj
¥$,"Lester Nowhere - LOOP 22
(prod. Lester Nowhere)","OG Filename: LOOP 22 72BPM C...r for the people)
Lester Nowhere loop that was given to Ye in Italy. Unknown if this was recorded on. Filename seen on Lester Nowhere's laptop.",,"Aug 13, 2023",,Instrumental,Confirmed,Not Available,https://ibb.co/Qs9gqtj
¥$,"Lester Nowhere - LOOP 23
(prod. Lester Nowhere)","OG Filename: LOOP 23 134BPM Dbm
Lester Nowhere loop that was given to Ye in Italy. Unknown if this was recorded on. Filename seen on Lester Nowhere's laptop.",,"Aug 13, 2023",,Instrumental,Confirmed,Not Available,https://ibb.co/Qs9gqtj
¥$,"Lester Nowhere - LOOP 24
(prod. Lester Nowhere)","OG Filename: LOOP 24 165BPM F#m
Lester Nowhere loop that was given to Ye in Italy. Unknown if this was recorded on. Filename seen on Lester Nowhere's laptop.",,"Aug 13, 2023",,Instrumental,Confirmed,Not Available,https://ibb.co/Qs9gqtj
¥$,"Lester Nowhere - LOOP 86
(prod. Lester Nowhere)","OG Filename: LOOP 86 132 BPM (Morgan - Aria)
Lester Nowhere loop that was given to Ye in Italy. Unknown if this was recorded on. Samples ""Aria"" by Morgan. Filename seen on Lester Nowhere's laptop. Snippet posted by Lester Nowhere to Instagram on April 4th, 2025.",0:58,Aug 2023,"Apr 4, 2025",Instrumental,Snippet,Recording,https://pillows.su/f/46a26927a0106790e5b5391099cde235
¥$,"Lester Nowhere - LOOP 87
(prod. Lester Nowhere)","OG Filename: LOOP 87 82 BPM (Prozac+ - Niente)
Lester Nowhere loop that was given to Ye in Italy. Unknown if this was recorded on. Samples ""Niente"" by Prozac+. Filename seen on Lester Nowhere's laptop. Snippet posted by Lester Nowhere to Instagram on April 4th, 2025.",1:33,Aug 2023,"Apr 4, 2025",Instrumental,Snippet,Recording,https://pillows.su/f/171adc66611bf5170110f42fd3c4f125
,Other,,,,,,,,
¥$,¥$ Merch Concepts,WIP,,,,Merch,Full,High Quality,https://ibb.co/sJv3XSR1
"0 OG File(s)
6 Full
0 Tagged
0 Partial
2 Snippet(s)
4 Unavailable","VULTURES 1
(Collaboration with Kanye West as ¥$)
(Vultures Vol. 1)","(10/28/2023) (Ye & Ty go to Saudi)
(02/10/2024) (VULTURES 1 is officially released)",,,"
After the album's name change from Bad Bitch Playbook Vol. 1, to VULTURES 1, four listening parties were scheduled between December 12, 2023, and February 9, 2024. In 2024, Ye announced that ""VULTURES"" would be a trilogy, with the first installment dropping on February 9, followed by the second and third albums in March and April. VULTURES 1 would end up being released on February 10, the day after the final listening party.
",,,,
,Never Recorded,,,,,,,,
VULTURES 1,"MY GUT
(prod. London on da Track)","Beat made for VULTURES 1. Unknown if this was recorded on. Leaked July 31, 2024, alongside its stems.",1:43,"Dec 12, 2023","Jul 31, 2024",Instrumental,Stem Bounce,Lossless,https://pillows.su/f/14641eb5ef53b3799ee98d7cc69e94ce
VULTURES 1,"OHCHA
(prod. London on da Track)","Beat made for VULTURES 1. Unknown if this was recorded on. Leaked July 31, 2024, alongside its stems.",1:41,"Dec 17, 2023","Jul 31, 2024",Instrumental,Stem Bounce,Lossless,https://pillows.su/f/61d9cc98a2b00463e1babfa4bd53a579
VULTURES 1,"ZERO
(prod. London on da Track)","Beat made for VULTURES 1. Unknown if this was recorded on. Leaked July 31, 2024, alongside its stems.",1:54,"Dec 17, 2023","Jul 31, 2024",Instrumental,Stem Bounce,Lossless,https://pillows.su/f/e3e7b0265b2945fa200ba1d865ac1fc6
VULTURES 1,"???
(feat. LUCKI)","According to Ty, he was ""trying to get LUCKI on VULTURES"".",,,,Feature,Confirmed,Not Available,Source Needed
VULTURES 1,"???
(feat. Vybz Kartel)","According to Ty, he contacted Vybz Kartel and ""was trying to get him on VULTURES, but it didn't end up working out"", likely due to his imprisonment at the time.",,,,Feature,Confirmed,Not Available,https://youtu.be/Zd5mnFWqpOs?si=ctTxuKxgAUNlhsJN
VULTURES 1,"Lester Nowhere - LOOP 18 [V2]
(prod. Lester Nowhere)","OG Filename: LOOP 18 105BPM C... - Late This Year) no ye
Lester Nowhere loop that was given to Ye in Italy. It's possible that a version with Ye vocals exists based on the filename specifying that this version does not have Ye. Filename seen on Lester Nowhere's laptop.",,"Jan 16, 2024",,Instrumental,Confirmed,Not Available,https://ibb.co/Qs9gqtj
,Music Videos,,,,,,,,
VULTURES 1,DO IT,"The music video for ""SLIDE"" was originally intended for ""DO IT"".",,,,Music Video,Confirmed,Not Available,Source Needed
VULTURES 1,CARNIVAL [V1],"Several videos of a different version of the ""CARNIVAL"" music video have been posted online.",,,,Music Video,Snippet,Recording,Link Needed
VULTURES 1,FUK SUMN,Several videos of Ye and Ty recording a music video for the song have been posted online. This music video was scrapped after Travis Scott was added to the song.,,,,Music Video,Snippet,Recording,Link Needed
,Live Performances,,,,,,,,
VULTURES 1,Vultures Miami Rave,WIP,,"Dec 12, 2023","Dec 12, 2023",Performance,Full,Recording,Link Needed
VULTURES 1,Vultures Las Vegas Rave,WIP,,"Dec 15, 2023","Dec 15, 2023",Performance,Full,Recording,Link Needed
VULTURES 1,VULTURES 1 Chicago LP,WIP,,"Feb 8, 2024","Feb 8, 2024",Performance,Full,Recording,Link Needed
VULTURES 1,VULTURES 1 New York LP,WIP,,"Feb 9, 2024","Feb 9, 2024",Performance,Full,Recording,Link Needed
,Other,,,,,,,,
VULTURES 1,VULTURES 1 Promo Video,Promotional video for VULTURES 1.,1:41,"Feb 10, 2024","Feb 10, 2024",Promo,Full,CD Quality,https://pixeldrain.com/u/7pKdHAYJ
VULTURES 1,VULTURES 1 Drumkit,Official drumkit for VULTURES 1.,1:07,"Feb 14, 2024","Feb 14, 2024",Other,Full,Lossless,https://pillows.su/f/bc4da9b76a496eb22f1bfc6cc0c8ad79
"3 OG File(s)
4 Full
0 Tagged
1 Partial
0 Snippet(s)
0 Stem Bounce(s)
3 Unavailable","VULTURES 2
(Collaboration with Kanye West as ¥$)
(Vultures Vol. 2)","(02/10/2024) (VULTURES 1 is officially released)
(08/03/2024) (VULTURES 2 is officially released)
(11/10/2024) (VULTURES 2 receives its last update)",,,"
VULTURES 2 was announced alongside 2 other volumes of VULTURES, and was meant to release on March 8, 2024, and then May 3rd, 2024. This album would've became the first release exclusive to the YZYAPP. The cover shows Ty Dolla $ign holding a portrait of his brother Big TC, who is currently in prison. After the album failed to drop on May 3rd, 2024, the direction of the project completely shifted, and was to be censored. The album failed to drop August 2nd and then dropped August 3rd with questionable mixing/songs.
",,,,
,Never Recorded,,,,,,,,
VULTURES 2,"ARENAS
(prod. Census, 3rdup & Anthony Kilhoffer)","OG Filename: CENSUS X 3RDUP X KILHOFFER - ARENAS (131 BPM)
Unused beat made for VULTURES 2. Leaked October 22, 2024.",3:54,,"Oct 22, 2024",Instrumental,OG File,Lossless,https://pillows.su/f/f434f50f3e695eae717f57d81c2ca8d3
VULTURES 2,"GHOSTT 2
(prod. Census & Anthony Kilhoffer)","OG Filename: CENSUS X KILHOFFER - GHOSTT 2 (160 BPM)
Unused beat made for VULTURES 2. Leaked October 22, 2024.",4:01,,"Oct 22, 2024",Instrumental,OG File,Lossless,https://pillows.su/f/a6c5af6c0ca9b7ed3b13472b1dc3fb26
VULTURES 2,"INFA
(prod. Census, 3rdup & Anthony Kilhoffer)","OG Filename: CENSUS X 3RDUP X KILHOFFER - INFA (146 BPM)
Unused beat made for VULTURES 2. Leaked October 21, 2024.",3:30,,"Oct 21, 2024",Instrumental,OG File,Lossless,https://pillows.su/f/34ae3c9c1ad41769830387d8a974887f
VULTURES 2,"???
(feat. Post Malone)","According to Alek, Ty had a song with Post Malone that he wanted to rework for VULTURES 2. Unknown if this ended up happening.",,,,Song,Rumored,Not Available,N/A
VULTURES 2,"Gringe - Confessions d’un hypersensible
(prod. Adam Vadel, Yseult, REMED & Tigri)","According to Gringe, the beat for this song was originally made for VULTURES 2. Unknown if this was recorded on.",,,,Instrumental,Confirmed,Not Available,Source Needed
VULTURES 2,"JELEEL! - SCARY HOURS
(prod. Adam Vadel & Rayo)
(RAVE!)","According to Adam Vadel, the beat for this song was originally made for Ye and Ty; however, they never recorded for the song.",,,,Instrumental,Confirmed,Not Available,https://ibb.co/9ZW0GSv
,Music Videos,,,,,,,,
VULTURES 2,530,"AI-generated music video posted by Ye to Instagram on January 5, 2025.",4:18,,"Jan 5, 2025",Music Video,Full,CD Quality,Link Needed
,Live Performances,,,,,,,,
VULTURES 2,VULTURES 2 Los Angeles LP,WIP,,"Mar 9, 2024","Mar 9, 2024",Performance,Partial,Recording,Link Needed
VULTURES 2,VULTURES Phoenix LP,WIP,,"Mar 10, 2024","Mar 10, 2024",Performance,Full,Recording,Link Needed
VULTURES 2,VULTURES San Francisco LP,WIP,,"Mar 12, 2024","Mar 12, 2024",Performance,Full,Recording,Link Needed
VULTURES 2,VULTURES 2 Release LP,WIP,,"Aug 3, 2024","Aug 3, 2024",Performance,Full,Recording,Link Needed
"0 OG File(s)
0 Full
0 Tagged
0 Partial
0 Snippet(s)
0 Unavailable","VULTURES 3
(Collaboration with Kanye West as ¥$)
(Vultures Vol. 3)","(08/03/2024) (VULTURES 2 is officially released)
(02/14/2025) (Ty calls out Ye for spreading hate speech)
(04/20/2025) (Digital Nas confirms VULTURES 3 is scrapped)",,,"VULTURES 3 was announced alongside the 2 other volumes and was set to release on April 5, 2024, however this didn't happen. The project was thought to have been scrapped after the rushed release of VULTURES 2, and Ye's apparent focus on his solo project BULLY after the VULTURES China LP. However, Ty stating that ""V3 boutta rip heads off"" in an 88-Keys IG live chat, and Ye heart reacting a fan's message asking if the project still exists, seem to contradict this. The project was set to drop in 2025, however given Ye's recent statements against Ty Dolla $ign, and his signal on twitter that he was working to remove Ty from MELROSE, it's assumed that the project is now scrapped. The project's status was later confirmed as scrapped by Digital Nas, However Ty continues to insist that it will drop 'when the stars align'. Ty has also stated that the album was done and could've dropped 'at the time'.",,,,
,Never Recorded,,,,,,,,
VULTURES 3,"Just Da 1 - ???
(prod. Just Da 1)","According to Just Da 1, he made a beat that samples ""Love Me"" by JMSN, which he was ""always trying to send"" in for VULTURES 3.",,,,,Confirmed,Not Available,https://www.reddit.com/r/GoodAssSub/comments/1si1zst/comment/ofh6jnz/?context=3
"12 OG File(s)
3 Full
0 Tagged
1 Partial
2 Snippet(s)
8 Unavailable","TYCOON
(T Y C O O N, Beach House 4 [V3])","(07/27/2023) (¥$ go to Italy)
(8/3/2024) (VULTURES 2 is officially released)
(10/17/2025) (TYCOON is officially released)
(12/04/2025) (Ty confirms that the label doesn't want the deluxe)",,,"
After shelving his album for sometime to go work with Ye and the documentary ""STILL FREE TC"", Ty would refocus on his solo work after the release of  VULTURES 2. While initially announced as Beach House 4 at Paris Fashion Week 2025, Ty confirmed the album was now called TYCOON, a play on the word ""tycoon"" and his name. The song ""Wheels Fall Off"" was released February 8, 2025, serving as the lead single to the project. Ty continued to drop snippets, do performances, and build hype unitl June 6th, where he dropped the single ""ALL IN"" and announced the album's release date of June 13, later delayed to July 18, September 12, and finally October 17, after posting that dropping on that day has something to do with money and power. A deluxe was planned and there was some work done for it, but Ty confirmed on stream December 4, 2025, that the label doesn't want the deluxe and it is now likely scrapped.
",,,,
,Never Recorded,,,,,,,,
TYCOON,"CAN'T SLEEP
(prod. IMANI)","OG FIlename: 01 CAN'T SLEEP - IMANI V1
According to Rodri, this beat was sent to Ty by Hitmaka in May 2024. Unknown if this was recorded on; however, according to Rodri, Ty liked these beats.",,May 2024,,Instrumental,Rumored,Not Available,N/A
TYCOON,"LIKE I DO
(prod. IMANI)","OG FIlename: 01 LIKE I DO - IMANIV1
According to Rodri, this beat was sent to Ty by Hitmaka in May 2024. Unknown if this was recorded on; however, according to Rodri, Ty liked these beats.",,May 2024,,Instrumental,Rumored,Not Available,N/A
TYCOON,"Love You Better
(prod. IMANI & RONNY J)","OG FIlename: 01 Ron x Imani - Love You Better
According to Rodri, this beat was sent to Ty by Hitmaka in May 2024. Unknown if this was recorded on; however, according to Rodri, Ty liked these beats. Unknown who the ""Ron"" in the filename is referring too, but it may be RONNY J.",,May 2024,,Instrumental,Rumored,Not Available,N/A
TYCOON,"SOMETIMES [V1-V2]
(prod. IMANI)",Versions indicated by the filename below.,,May 2024,,Instrumental,Rumored,Not Available,N/A
TYCOON,"SOMETIMES [V3]
(prod. IMANI)","OG FIlename: SOMETIMES - IMANIV3
According to Rodri, this beat was sent to Ty by Hitmaka in May 2024. Unknown if this was recorded on; however, according to Rodri, Ty liked these beats.",,May 2024,,Instrumental,Rumored,Not Available,N/A
TYCOON,"STREETS
(prod. IMANI)","OG FIlename: 01 STREETS - IMANIV1
According to Rodri, this beat was sent to Ty by Hitmaka in May 2024. Unknown if this was recorded on; however, according to Rodri, Ty liked these beats.",,May 2024,,Instrumental,Rumored,Not Available,N/A
TYCOON,"🤖 ???
(SPIDER-MAN)","Unknown song with AI vocals. Ty confirmed in an interview that this was one of many AI reference ideas sent to him by writers, all of which he hated and ""destroyed"". Snippet leaked February 23, 2025. ",,,"Feb 23, 2025",,Snippet,CD Quality,https://pillows.su/f/f10085fd964883217a3e4cca73afc441 
,Music Videos,,,,,,,,
TYCOON,3 BILLION,"OG Filename: 3 BILLION FINAL VERSION 4K
Music video for the updated version of ""3 BILLION"" that was intended for the TYCOON deluxe. According to Ty, he hated the video because it made him look too much like a rapper. Played by Ty on stream October 31st, 2025.",,,"Oct 31, 2025",Music Video,Partial,Recording,https://imgur.gg/f/KefMIJ1
TYCOON,ALL IN,"According to Ty, there was a music video shot for ""ALL IN"" that he ""didn't love"", and was scrapped as a result. Snippets of this video can be seen in the Spotify Canvas for the song.",,,,Music Video,Snippet,High Quality,Link Needed
TYCOON,"I WISH
(dir. Jannik Dittmar)","Played by Ty on stream October 24, 2025.",,,"Oct 24, 2025",Music Video,Full,Recording,Link Needed
TYCOON,SAY IT,WIP,,,,Music Video,Confirmed,Not Available,Source Needed
TYCOON,SHOW ME LOVE,WIP,,,,Music Video,Confirmed,Not Available,Source Needed
,Live Performances,,,,,,,,
TYCOON,Coachella 2025 Week 1,Ty's full performance at week 1 of Coachella 2025.,45:15,"Apr 13, 2025","Apr 13, 2025",Performance,Full,Recording,https://pillows.su/f/a7a667a9a7ad234f0666023bc18d1f73
TYCOON,Coachella 2025 Week 2,Ty's full performance at week 2 of Coachella 2025.,,,"Apr 21, 2025",Performance,Full,Recording,Link Needed
,Other,,,,,,,,
TYCOON,VULTURES Coachella Files,"Files for Ty's 2025 Coachella performance. Leaked May 30, 2025.",16:56,Apr 2025,"May 30, 2025",Other,OG File,CD Quality,https://pillows.su/f/9f9f8c785749e5732e838af77b2807b7
TYCOON,"BACK TO ME
(feat. Kanye West & Freddie Gibbs)","OG Filename: back to me -  - 4.17.25_- WEEK 2 FREDDY
Tour version of the song with three lines from Ye's bridge, Freddie's full verse but with ""Yeezy"" censored, and an additional sample on the outro.",2:31,"Apr 17, 2025","May 30, 2025",Other,OG File,CD Quality,https://pillows.su/f/b558b93c28bf5e201353264c96512a34
TYCOON,"BACK TO ME
(feat. Kanye West & Freddie Gibbs)","OG Filename: back to me -  - 4.9.25 V2_- WEEK 2 FREDDY _ EDIT
Similar to the version above, but with the full sample intro.",2:33,"Apr 9, 2025","May 30, 2025",Other,OG File,CD Quality,https://pillows.su/f/8c8c998e7ad7d1b3011c29f9cac5c719
TYCOON,"BACK TO ME / BURN
(feat. Kanye West)","OG Filename: back to me - BURN - 4.9.25 V2
Tour file with a version of ""BACK TO ME"" that transitions into ""BURN"". Similar to the version above, but with Freddie's verse replaced with a transition into ""BURN"". ""BURN"" only includes Ty's chorus and refrain.",1:57,"Apr 9, 2025","May 30, 2025",Other,OG File,CD Quality,https://pillows.su/f/10525a4bdf95f4912f2a5ed56894cfa2
TYCOON,"CARNIVAL
(feat. Chain Gang, The Hooligans & Rich The Kid)","OG Filename: Carnival 4.8.25 ref
Tour version of the song with the sample of the Spanish guy, additional vocals from the Chain Gang choir, and lacks Ye and Carti's verses.",2:25,"Apr 8, 2025","May 30, 2025",Other,OG File,Lossless,https://pillows.su/f/08843554cc9b4d0842dba125fd5d0044
TYCOON,CARNIVAL RAID,"OG Filename: carnival Raid 4.9.25 - _3 &
DRE -Carnival Raid 4.9.25 - _3
Tour intro to ""CARNIVAL"".",2:07,"Apr 9, 2025","May 30, 2025",Other,OG File,CD Quality,https://pillows.su/f/b8b1f81a87f67189a5f25753b2c9c1b1
TYCOON,FIELD TRIP INTRO,"OG Filename: INTRO _ Field TRIP _ 4.9.25 &
DRE - INTRO _ Field TRIP _ 4.9
Tour intro to ""FIELD TRIP"".",0:36,"Apr 9, 2025","May 30, 2025",Other,OG File,CD Quality,https://pillows.su/f/88d3f4d6299595c8135e3d7ebc4b2784
TYCOON,"FIELD TRIP
(feat. Don Toliver & Kanye West)","OG Filename: Fleid Trip 4.9.25
Tour version of the song with an extended intro and the full Ty and Ye AI verse. Carti and Kodak's verses are cut.",1:29,"Apr 9, 2025","May 30, 2025",Other,OG File,CD Quality,https://pillows.su/f/553db99568d7570dc1622afdc546f850
TYCOON,FUK SUMN INTRO,"OG Filename: INTRO FUk SUMN SKIT INTRO &
DRE - INTRO FUk SUMN SKIT INTR
Tour intro to ""FUK SUMN"".",0:22,Apr 2025,"May 30, 2025",Other,OG File,CD Quality,https://pillows.su/f/1b82b989e3e055fa024e478a2a4c5a12
TYCOON,"FUK SUMN
(feat. Chain Gang & Playboi Carti)","OG Filename: fuk sumn - 4.8. 25 - ref _
Tour version of the song with only Ty's chorus and Carti's post-chorus, and additional vocals from the Chain Gang choir.",1:09,"Apr 8, 2025","May 30, 2025",Other,OG File,CD Quality,https://pillows.su/f/db420a23c6327e21d8e31b6f28251438
TYCOON,INTRO,"OG Filename: INTRO _ yard DOWN &
DRE - INTRO _ yard DOWN
Tour intro.",0:30,Apr 2025,"May 30, 2025",Other,OG File,CD Quality,https://pillows.su/f/74850f0e04dbdb6806ab70fc4c53f8be
TYCOON,"STARS
(feat. Chain Gang & The Hooligans)","OG Filename: stars 4.9. 25 V2.2
Tour version of the song with vocals from the Chain Gang choir and additional vocal samples playing throughout. Lacks any Ye or Ty vocals.",1:10,"Apr 9, 2025","May 30, 2025",Other,OG File,CD Quality,https://pillows.su/f/7db3ef26ab812f5ba8fa87d3fc19b90c
"3 OG File(s)
0 Full
0 Tagged
1 Partial
0 Snippet(s)
1 Unavailable","AIRPLANE MODE 2
(Collaboration with damn james! & DJ Drama)","(??/??/2023) (The project is conceived)
(11/16/2025) (The project is completed)
(Ongoing)",,,"In 2023, Ty had a session in his studio where he and damn james! made 11 songs together. The next day, Ty would add two more songs to the project and the existing songs would be edited. Ty would confirm on stream that this project was Airplane Mode 2 and stated it would drop the following Monday, September 29, 2025, as part of his ""Mixtape Mondays"" series. However, this did not happen as Ty was still contacting damn james! and instructing engineers to cut open verses and mix songs at the last minute on the night before its intended release. The day after its failed release, Ty would reveal the cover art on stream and stated that the tape would release on Dropbox. The project would be fully finished in November 2025, with added narration from DJ Drama. The project is still intended for release, with a release stream in a real airplane hangar being planned, but the label is blocking its release.",,,,
,Music Videos,,,,,,,,
AIRPLANE MODE 2,"BACK OUTSIDE
(dir. Jannik Dittmar) (feat. Chris King)
(SHE'S BACK OUTSIDE)","OG Filename: Back outside new song
Music video for ""SHE'S BACK OUTSIDE"", recorded in Paris alongside two other videos for AIRPLANE MODE 2, and the video for ""I WISH"". Includes a posthumous feature from Chris King as a ghost. Accidentally leaked by Ty on stream November 13th, 2025.",2:31,"Nov 4, 2025","Nov 13, 2025",Music Video,OG File,CD Quality,https://imgur.gg/f/ElJsDF9
AIRPLANE MODE 2,"ICEE
(dir. Jannik Dittmar)","OG Filename: Icee new song
Music video for ""ICEE"", recorded in Paris alongside two other videos for AIRPLANE MODE 2, and the video for ""I WISH"". Accidentally leaked by Ty on stream November 13th, 2025.",2:04,"Nov 4, 2025","Nov 13, 2025",Music Video,OG File,CD Quality,https://imgur.gg/f/J3pxzp7
AIRPLANE MODE 2,"PURPLE PUNCH [V1-V2]
(dir. Jannik Dittmar)
(PURPLE IN MY PUNCH)",Earlier versions indicated by the filename below.,,,,,Confirmed,Not Available,N/A
AIRPLANE MODE 2,"PURPLE PUNCH [V3]
(dir. Jannik Dittmar)
(PURPLE IN MY PUNCH)","OG Filename: Purple punch new song v3
Music video for ""PURPLE IN MY PUNCH"", recorded in Paris alongside two other videos for AIRPLANE MODE 2, and the video for ""I WISH"". Accidentally leaked by Ty on stream November 13th, 2025.",2:05,"Nov 4, 2025","Nov 13, 2025",Music Video,OG File,CD Quality,https://drive.google.com/file/d/1DhhVoxWcTT3a-lwb17HRdRQx1BwfE_XR/view?usp=sharing
,Other,,,,,,,,
AIRPLANE MODE 2,Airplane Mode 2 Release Party Concept,"OG Filename: Airplane Mode Release Party Live @ The Hangar!
Shown by damn james! on stream March 19th, 2026.",,,"Mar 19, 2026",Other,Partial,Recording,https://imgur.gg/f/NMkTEyz
"0 OG File(s)
0 Full
0 Tagged
0 Partial
0 Snippet(s)
0 Unavailable",PURPLE MOON,"(??/??/2025) (The project is conceived)
(10/06/2025) (The project fails to release)
(Ongoing)",,,"
During a Twitch stream the week before the initial planned release of TYCOON in September of 2025, Ty stated that he was working on a new mixtape titled PURPLE MOON and played a song from it featuring Kevin Gates. The project is characterized by experimental vocal pitching and a sound influenced by rage/underground rap, with work from producers including star boy and ok. Ty says the tape will be released under a different name than ""Ty Dolla $ign"". Ty claimed the tape would drop on October 6th, 2025 as part of his ""Mixtape Mondays"" series, but it never did.
",,,,
,Never Recorded,,,,,,,,
PURPLE MOON,"SOCIAL NORM
(feat. Dave Blunts)","Ty stated on stream December 6, 2025, that he wants Dave Blunts on the song. Unknown if this ended up happening.",,,,Feature,Confirmed,Not Available,Source Needed
PURPLE MOON,"???
(feat. Playboi Carti & YoungBoy Never Broke Again)","Ty said while playing the song that he would send it to NBA YoungBoy and Playboi Carti. It's unlikely that either of them recorded for the song. Played by Ty on stream October 4, 2025.",,,"Oct 4, 2025",Feature,Partial,Recording,https://pillows.su/f/f647ed921cdb3b7089f7d8a73bbb8541
,Music Videos,,,,,,,,
PURPLE MOON,ABOVE THE LAW,"Music video that was made ""the other day"" according to Ty on stream March 14, 2026, when it was also played.",1:30,Mar 2026,"Mar 14, 2026",Music Video,Full,High Quality,Link Needed
"0 OG File(s)
0 Full
0 Tagged
0 Partial
0 Snippet(s)
0 Unavailable",girl music vol. 1,"(11/2?/2025) (Ty has dinner in New York and comes up with the album)
(03/05/2026) (girl music vol. 1 is officially released)",,,"Shortly after the release of TYCOON, Ty began teasing his upcoming project, an R&B album said to be full of music ""for the girls"". The album was confirmed to be titled ""GIRL MUSIC"" by Ty on November 24, 2025. At the 2025 Grammy's, Ty further confirmed that GIRL MUSIC was his next album, with FBG Goat posting that the album was ""coming soon"" shortly after, and Ty began to title his streams ""GIRL MUSIC VOL. 1 NEXT"". The rollout began shortly before Valentines Day 2026, with Ty posting pictures of famous women as well as releasing a phone number that would play a snippet with Leon Thomas when called. The lead single ""miss u 2"" with Leon Thomas would release a week later on Feb 20th, with the EP release date being announced for the next week.",,,,
,Other,,,,,,,,
girl music vol. 1,miss u 2,"Remix of ""miss u 2"" made for the LaQuan Smith runway soundtrack at New York Fashion Week in February 2026.",,,"Feb 14, 2026",Other,Full,High Quality,https://pillows.su/f/bd85f72b58d357c6a9731d1f8e081ebc
girl music vol. 1,For The Girls,"Soundtrack for the LaQuan Smith runway soundtrack at New York Fashion Week in February 2026, curated by Ty. Features remixes and mashups of various tracks including ""miss u 2"". Full video with the soundtrack was posted on February 24th, 2026.",,,"Feb 14, 2026",Other,Full,High Quality,"https://youtu.be/FDIPcV8i7m8
https://pillows.su/f/7de686c43e5dba29a30b26617efea6be"
"0 OG File(s)
0 Full
0 Tagged
0 Partial
0 Snippet(s)
0 Unavailable",girl music vol. 2: sex playlist,"(10/17/2025) (TYCOON is officially released)
(02/09/2026) (GIRL MUSIC is officially announced)
(Ongoing)",,,"During the girl music vol. 1 rollout, the existence of a sequel was teased by Ty as he begun captioning his steams with 'GIRL MUSIC VOL 1 NEXT'. This was confirmed by Toney Handsome who begun talking about a Vol 2 on Instagram, and later 100% confirmed when Ty announced the EP's official title as 'girl music vol. 1. Set to drop in June 2026 according to insiders.",,,,
,Other,,,,,,,,
girl music vol. 2: sex playlist,"???
(prod. London on da Track)","Freestyle over London on da Track playing piano. Posted by London on da Track to TikTok on April 22, 2026.",,"Apr 22, 2026","Apr 22, 2026",Other,Partial,Recording,https://pillows.su/f/eaabda297b9f99242bcdb2d6ceab5c36
,Music Videos,,,,,,,,
girl music vol. 2: sex playlist,hold me,"Music video posted by Ty to TikTok on June 20th, 2026, then deleted, as Ty stated that he was fixing the ""video and mix"".",3:39,,"Jun 20, 2026",Music Video,Full,High Quality,https://imgur.gg/f/R9riuDa
