Era,Name,Notes,Made By,Type,Currently Available,Link(s)
Hear This Music Era,"Almighty - Dinero
(feat. Bad Bunny) (prod. DJ Luian & Young Hollywood)",Supposed Almighty and Bad Bunny collab. Ended leaking without Bad. It's likely that Bad was never on the song in the first place.,Almighty,Fake Rumor,Full HQ,https://pillows.su/f/9fcba50bdf165375fc2220b40f886a32
EL ÚLTIMO TOUR DEL MUNDO,"Nio García - La Jeepeta (Remix) [V1]
(feat. Brray, Juanka, Anuel AA, Myke Towers & Bad Bunny) (prod. Xound)",Fake snippet of Bad's verse on the OG version of Nio Garcia's 'La Jeepeta' remix done by artist Yoniel. Bad's verse is currently unheard and any snippet floating around is most likely fake.,Yoniel,Impression,Recording,
EL ÚLTIMO TOUR DEL MUNDO,"TE DESEO LO MEJOR [V1]
(prod. MAG & MIKE DEAN)",Supposed OG version of TE DESEO LO MEJOR featuring MIKE DEAN synths that went huge on TikTok back in February 2024. Ended up being a bait and switch marketing campaign for this guy's beats or sumn like that.,Manuel Donker,Stem Edit,Full HQ,https://youtu.be/M9Ls_Lo9UB0?si=xcIrbouFWku-afjE
nadie sabe lo que va a pasar mañana,La Gallina Turuleca,"After careful examination and discussion with the highest tiers of sources (MundoLatino, thesource, DJ Luian's aunt), we have concluded that this are, in fact, NOT official Bad Bunny vocals.",Unknown,AI,Full HQ,https://pillows.su/f/3ba9a5dcbb9dec65ed354ce2c381bd2b
nadie sabe lo que va a pasar mañana,"FlowGPT - NostalgIA
(feat. Bad Bunny, Daddy Yankee & Justin Bieber)",The song that shall not be named. Went superviral in TikTok on October 2023. Infamous for causing Bad Bunny's November 7th 2023's WhatsApp crashout.,FlowGPT,AI,Full HQ,https://www.youtube.com/watch?v=XIg9fNaw0rE
DeBÍ TiRAR MáS FOToS,DtMF Tracklist,"Fake DtMF tracklist that was passed around on social media couple weeks before the official drop. Including gems like ""EUROpA:)"" and ""PSoE featuring Tego Calderon Cookin Soul and Floyymenor"". How do people still believe this stuff dude this happens every album cycle without fail.",Unknown,Fake Rumor,Not Available,https://ibb.co/39KC969x
DeBÍ TiRAR MáS FOToS,"¥$ (Ye & Ty Dolla $ign) - DRUNK
(feat. Kodak Black & Bad Bunny) (prod. Spiff TV, Okami, VEYIS & SHDØW)","OG Filename: drunk (shdow veyis vers ) 12...
Version of the song intended for Ye and Ty Dolla $ign's album VULTURES 1, althoguh it ended up releasing on one of the deluxe editions for VULTURES 2. Considered a fake due to Bad not clearing his vocals for release. Bad was eventually replaced by Peso Pluma in the final release excluding some few ad-libs (likely uncleared). Files attached are a snippet previewed by producer SHDØW May 29th, 2024 and a briefly snippet played at the VULTURES Miami rave that was not played on the live stream for the event due to the stream having connection problems while the song was playing.This version lacks Ye vocals, however it's likely he did record for the song, as he is confirmed to have recorded to every song on one of the VULTURES 1 tracklist that included this song. Filename shared by VEYIS on Instagram, saying it was one of his favorite songs he produced.",¥$ (Ye & Ty Dolla $ign),Remix,Recording,"https://pillows.su/f/a13588644d1b5dfc2f4bba295dc9a664
https://pillows.su/f/d96f746617a5278a675c56119820505d"
